Company_ID,Company_Name,Industry,Headquarters_City,Country,Ownership_Type,Customer_Segment,Primary_Cloud,Risk_Rating,Year_Founded,Incorporation_Date,Last_Funding_Date,Employees,Annual_Revenue,Profit_Margin,Market_Share,Product_Lines,R&D_Spending,Average_Salary,Training_Hours_Per_Employee,Employee_Satisfaction,Adoption_Rate_AI,Adoption_Rate_Cloud,Adoption_Rate_Blockchain,CEO_Tenure_Years
807869.0,Neo Soft 760,HealthTech,Pune,Australia,Private,SME,Azure,Medium,2023.0,2023-07-15,2025-07-24,44377.0,235577861.39,17.16,33.16,16.0,3959494.45,3223371.94,90.7,3.99,27.47,78.25,24.77,5.0
985270.0,Next Analytics 229,Gaming,Noida,UAE,Startup,B2B2C,GCP,Low,2013.0,2013-09-17,2023-02-25,3418.0,56916043.87,3.39,11.87,1.0,4483284.44,3440809.32,77.9,3.01,68.36,33.88,53.1,13.0
615066.0,Innova Works 693,Cybersecurity,Chennai,Germany,Startup,B2B,IBM Cloud,Medium,1999.0,1999-02-01,2004-01-08,3847.0,166534603.43,6.08,25.4,22.0,26299168.52,3411320.38,93.8,3.11,71.59,62.58,53.26,16.0
756196.0,Secure Labs 605,Cybersecurity,Noida,UK,Public,SME,GCP,Low,1992.0,1992-06-18,1997-03-05,47932.0,246926404.64,26.06,18.9,2.0,9575493.89,2329426.44,42.3,3.51,61.48,74.21,22.9,1.0
292453.0,Logic Systems 31,Cloud Services,,UAE,Private,B2B2C,AWS,Medium,2005.0,2005-10-20,,13768.0,125382007.43,36.95,2.22,3.0,30870883.91,1266740.76,90.2,4.94,13.24,93.77,36.81,13.0
556753.0,Data Dynamics 239,Enterprise Software,Delhi,Australia,Startup,B2B2C,GCP,Medium,2023.0,2023-06-28,2025-01-29,34610.0,191408990.76,6.79,24.18,21.0,11984003.65,2600178.51,104.2,4.9,67.95,88.47,15.48,22.0
146801.0,Pixel Soft 575,Cloud Services,Noida,India,Startup,B2C,IBM Cloud,Medium,2003.0,2003-01-10,2013-04-12,11103.0,153936124.91,20.04,24.18,20.0,17529799.96,4327726.42,44.7,3.31,10.96,55.85,16.83,11.0
434129.0,Cyber Services 430,,Hyderabad,UK,Private,SME,Multi-Cloud,Medium,2007.0,2007-07-25,2009-11-24,22166.0,211119386.24,38.44,32.58,17.0,7921390.98,2812955.29,44.1,2.87,60.44,78.94,1.84,21.0
924528.0,Blue Stack 604,Cloud Services,Kolkata,Australia,Public,B2B2C,GCP,High,1995.0,1995-12-18,2006-11-21,36294.0,223618561.91,34.57,17.46,20.0,6981546.15,445293.3,108.5,2.98,73.78,60.03,71.74,8.0
975998.0,Next Soft 778,Gaming,Ahmedabad,Australia,Private,Enterprise,Azure,Medium,1995.0,1995-10-17,2003-08-10,36235.0,190969902.13,22.79,8.14,22.0,22580625.95,644814.71,10.7,2.88,24.62,59.19,16.86,8.0
712043.0,Quantum Innovations 349,Enterprise Software,Delhi,Australia,Startup,B2B2C,Azure,Medium,2008.0,2008-11-13,2012-10-20,1695.0,173830722.66,32.86,1.66,21.0,44465393.16,4470740.08,45.3,3.64,83.27,20.21,18.2,24.0
531830.0,Next Solutions 221,EdTech,Mumbai,Germany,Subsidiary,SME,GCP,Low,2020.0,2020-03-09,2022-09-09,47573.0,201991417.98,22.91,14.61,1.0,8606222.13,694980.07,18.6,3.86,7.82,21.23,22.37,14.0
293852.0,Alpha Works 95,Enterprise Software,Chennai,Australia,Private,SME,Multi-Cloud,High,2024.0,2024-05-16,2025-03-16,25920.5,180322041.19,8.32,10.64,20.0,19713888.0,588785.16,8.3,3.52,83.47,57.13,10.19,13.0
893599.0,Prime Works 368,Gaming,Ahmedabad,India,Public,B2C,IBM Cloud,High,2008.0,2008-02-06,2018-10-01,35890.0,197576581.89,6.99,26.66,6.0,6947403.07,1847399.5,18.0,3.28,47.81,33.93,51.14,3.0
114360.0,Vertex Tech 827,Enterprise Software,Gurugram,USA,Public,SME,GCP,Medium,1987.0,1987-05-14,2003-06-13,34672.0,225687711.49,9.53,12.46,15.0,54616284.46,4374200.53,54.6,2.71,25.24,11.87,6.01,4.0
121219.0,Cloud Stack 550,SaaS,Delhi,Australia,Startup,B2C,GCP,High,2006.0,2006-08-26,2008-09-22,37480.0,241052417.33,16.04,33.22,14.0,39298525.03,1706568.13,84.0,3.5,17.44,74.33,10.74,20.0
226269.0,Neo Corp 81,,Mumbai,India,Startup,Enterprise,Azure,High,1986.0,1986-06-09,2001-01-23,39332.0,283087207.76,39.22,33.68,20.0,23532028.26,2080524.94,38.3,3.09,93.66,12.89,51.58,15.0
420070.0,Secure Platforms 850,Cloud Services,Chennai,Singapore,Private,B2B2C,Azure,High,2008.0,2008-12-21,2020-02-14,2758.0,104856419.21,33.99,21.77,15.0,2122565.36,2999715.95,102.7,3.67,11.76,62.98,27.17,15.0
599332.0,Zen Digital 592,Gaming,Ahmedabad,Germany,Private,B2B2C,Multi-Cloud,Low,2014.0,2014-10-20,2019-05-21,11744.0,232623214.36,19.31,32.51,14.0,57872916.42,498858.54,55.3,4.06,23.52,57.99,56.64,21.0
799872.0,Cyber Labs 47,SaaS,Hyderabad,India,Private,SME,GCP,Medium,2022.0,2022-08-04,2023-10-05,9574.0,203331252.02,21.72,26.65,21.0,40837656.18,4080830.67,116.3,3.94,37.35,96.22,44.59,13.0
974462.0,Blue Platforms 82,HealthTech,Gurugram,Australia,Public,B2C,IBM Cloud,Very High,1986.0,1986-05-01,2007-10-02,31930.0,199910987.25,12.62,19.19,24.0,16231974.79,2529716.37,114.7,3.44,62.68,53.09,20.48,9.0
861052.0,Blue Works 390,Enterprise Software,Hyderabad,Germany,Startup,B2C,IBM Cloud,Medium,2005.0,2005-06-27,2019-11-29,39274.0,172598406.44,30.17,6.39,5.0,9941414.28,2313924.71,93.9,3.71,55.67,15.66,52.07,10.0
821974.0,Next Stack 651,Cybersecurity,Mumbai,Germany,Public,B2C,Multi-Cloud,Medium,2017.0,2017-07-26,2021-09-11,37030.0,213418546.9,34.11,16.11,6.0,7399561.52,3928979.32,112.2,3.51,16.68,59.1,9.3,12.0
918892.0,Vertex Networks 380,Enterprise Software,Noida,Germany,Subsidiary,B2B,Azure,Medium,1996.0,1996-08-11,2016-04-26,25920.5,177096687.98,11.56,19.67,17.0,15598947.01,4307614.02,86.3,2.17,31.94,84.86,42.91,14.0
490154.0,Vertex Dynamics 687,Cybersecurity,Kolkata,UK,Public,B2B2C,,High,2006.0,2006-11-20,2010-01-20,13274.0,183674929.83,3.67,30.25,11.0,43381214.24,2136043.45,108.0,3.91,27.2,98.72,34.97,1.0
374349.0,Next Labs 624,HealthTech,Kolkata,Canada,Private,B2B,Multi-Cloud,Medium,2009.0,2009-05-11,2023-07-13,40788.0,239732926.14,26.96,16.9,16.0,37462765.13,1107008.43,32.2,2.83,24.86,48.3,21.43,14.0
871382.0,Quantum Services 747,EdTech,Chennai,Australia,Public,B2C,IBM Cloud,Medium,2011.0,2011-12-07,2022-09-29,25200.0,531269468.69,24.5,31.43,12.0,256830203.61,3744408.01,44.7,4.04,43.24,38.51,48.32,14.0
238014.0,Blue Networks 474,Gaming,Kolkata,UAE,Private,B2B,GCP,High,2012.0,2012-06-06,2021-12-07,49738.0,276685778.87,18.09,23.63,15.0,22793090.66,2053367.73,91.6,4.27,70.47,90.69,69.71,8.0
779553.0,Prime Tech 948,EdTech,Noida,India,Private,B2B2C,Multi-Cloud,Very High,2000.0,2000-06-10,2023-01-10,34443.0,171668757.04,27.76,4.88,23.0,1096628.29,4235736.71,53.8,4.76,25.22,27.02,79.91,16.0
762223.0,Secure Analytics 702,SaaS,Gurugram,USA,Public,B2B,,Low,1999.0,1999-10-26,2010-11-15,43132.0,256917541.84,24.02,34.82,4.0,20953165.5,4294585.83,101.3,4.88,39.1,64.77,48.62,14.0
546146.0,Alpha Systems 235,Gaming,Mumbai,USA,Startup,B2B,AWS,Medium,1987.0,1987-06-13,2002-07-29,25920.5,186956235.43,12.02,18.5,18.0,846556.81,870799.03,105.9,2.13,41.36,46.11,32.38,1.0
117170.0,Cloud Apps 411,HealthTech,Delhi,USA,Startup,B2C,IBM Cloud,Medium,2021.0,2021-07-12,2022-08-22,8627.0,124214127.89,17.91,13.78,21.0,7871611.7,4321871.27,39.5,4.97,95.81,13.66,18.02,16.0
860543.0,Next Labs 217,AI/ML,Gurugram,Singapore,Subsidiary,B2B,Multi-Cloud,High,1991.0,1991-10-07,2018-07-26,8120.0,190475321.68,19.12,23.1,3.0,55181329.01,1909908.33,99.7,4.08,93.78,40.91,20.57,18.0
748451.0,Bright Apps 218,E-commerce,Gurugram,Australia,Subsidiary,B2B,GCP,Medium,2005.0,2005-09-06,2021-04-16,8716.0,135216072.48,37.21,3.9,22.0,15258557.63,3049635.32,22.7,3.97,79.41,33.61,38.36,7.0
647258.0,Global Corp 906,SaaS,Chennai,Australia,Private,SME,GCP,Medium,1993.0,1993-09-01,2014-09-16,36418.0,238926243.9,40.44,22.32,8.0,16615650.39,542475.34,43.4,2.14,27.47,71.06,29.38,15.0
415310.0,Fusion Solutions 272,Gaming,Chennai,Singapore,Private,B2C,Multi-Cloud,Low,2023.0,2023-12-07,,6833.0,303590144.76,37.72,17.49,23.0,107829609.98,4044425.52,64.6,4.6,11.33,94.44,73.11,24.0
855081.0,Innova Analytics 763,Enterprise Software,Gurugram,Germany,Public,Enterprise,Multi-Cloud,Medium,2002.0,2002-05-27,2006-02-07,46044.0,199702619.8,30.77,14.29,3.0,4625506.32,3030549.05,31.0,3.51,34.47,33.86,29.46,17.0
633023.0,Secure Services 270,Gaming,Chennai,Singapore,Private,B2C,GCP,Medium,1988.0,1988-07-22,2012-05-25,41964.0,276174455.75,25.4,33.36,8.0,49122750.72,3038573.31,71.6,4.53,29.81,82.22,29.88,19.0
636053.0,Bright Innovations 920,Cybersecurity,Ahmedabad,Singapore,Subsidiary,SME,AWS,Low,2009.0,2009-03-21,2016-10-16,5021.0,119739556.68,29.57,18.34,18.0,12877795.88,4098922.26,71.5,2.15,52.05,14.93,30.68,23.0
570981.0,Bright Corp 371,FinTech,Bengaluru,Singapore,Startup,B2B2C,IBM Cloud,Very High,1998.0,1998-04-09,2005-11-30,13540.0,163205806.99,39.56,7.75,10.0,7716929.48,2484223.42,28.8,3.97,77.33,57.89,66.93,13.0
248668.0,Blue Solutions 522,EdTech,Delhi,USA,Subsidiary,SME,GCP,Low,1993.0,1993-12-14,2010-11-29,45769.0,217911450.16,12.0,16.12,20.0,2368778.24,2083118.23,96.5,3.36,84.82,16.28,52.06,9.0
949174.0,Global Labs 774,Cloud Services,Kolkata,India,Public,SME,AWS,Medium,2010.0,2010-02-15,2024-05-30,45130.0,284829974.72,23.4,32.19,17.0,16363402.41,3951127.88,77.6,2.68,83.57,93.13,49.13,24.0
760596.0,Cloud Works 157,AI/ML,Chennai,Germany,Private,B2B2C,IBM Cloud,Medium,1986.0,1986-08-19,2007-12-24,2040.0,92305150.28,29.58,6.25,8.0,7354353.64,3443924.1,41.5,2.41,38.45,78.21,26.73,24.0
854652.0,Quantum Innovations 611,Gaming,Mumbai,India,Startup,B2B2C,Multi-Cloud,Low,2004.0,2004-09-17,2025-09-18,5349.0,155445311.75,29.17,7.57,23.0,21417157.73,4290800.23,31.7,3.38,68.91,68.56,65.43,15.0
170224.0,Data Corp 391,AI/ML,Delhi,UAE,Subsidiary,Enterprise,Azure,Low,2012.0,2012-12-14,2025-03-12,45815.0,221067872.14,12.09,0.55,11.0,34184333.55,4254499.76,106.1,2.46,34.09,83.33,3.07,3.0
549463.0,Zen Stack 542,Gaming,Delhi,Singapore,Startup,B2B2C,IBM Cloud,Medium,1991.0,1991-01-26,2008-02-16,20006.0,117163588.38,25.47,0.6,5.0,3040112.67,1967537.27,101.1,3.51,10.66,67.63,69.66,24.0
993655.0,Next Services 882,Enterprise Software,Hyderabad,Australia,Public,B2B2C,AWS,Medium,1992.0,1992-12-26,2017-01-31,22409.0,287865678.51,33.84,29.05,13.0,55121111.71,2232643.79,31.4,3.91,70.25,96.24,41.02,1.0
906763.0,Tech Works 699,SaaS,Gurugram,Germany,Subsidiary,Enterprise,GCP,Medium,2019.0,2019-10-21,2020-12-14,46290.0,253282202.45,21.0,25.65,21.0,22186390.54,1449538.31,9.1,4.5,5.91,73.54,31.86,16.0
849178.0,Secure Tech 788,AI/ML,Mumbai,Singapore,Public,B2B,AWS,Medium,1998.0,1998-02-25,2010-02-19,37198.0,239948398.74,33.73,12.49,23.0,14231161.78,3108656.35,97.5,4.07,43.05,92.29,39.77,8.0
882435.0,Alpha Works 301,SaaS,Kolkata,USA,Startup,Enterprise,AWS,High,2001.0,2001-11-22,2017-12-04,28784.0,192385380.28,16.4,24.47,5.0,22426849.94,1894622.08,75.8,2.29,35.63,56.02,53.39,23.0
911087.0,Logic Networks 465,AI/ML,Kolkata,Australia,Private,B2B2C,AWS,Medium,2020.0,2020-03-21,2024-06-08,4807.0,143562021.73,39.55,13.89,24.0,5540161.62,3623012.65,16.6,2.99,69.48,20.42,1.02,13.0
955816.0,Tech Tech 996,SaaS,Delhi,USA,Public,B2B2C,Multi-Cloud,Low,2024.0,2024-01-19,2025-11-27,19147.0,213402859.1,23.36,33.36,13.0,18307448.89,898358.12,72.5,2.94,76.26,57.01,69.72,8.0
228876.0,Pixel Networks 520,SaaS,Hyderabad,India,Startup,B2B,IBM Cloud,Medium,1988.0,1988-11-21,2007-12-05,10445.0,121411689.75,25.84,33.85,6.0,8821771.67,877251.69,57.0,4.75,33.28,21.29,35.74,17.0
891676.0,Neo Platforms 862,Cloud Services,Hyderabad,Australia,Public,B2B,Azure,Medium,1986.0,1986-06-26,,16291.0,140320315.79,3.25,13.81,5.0,22040395.62,1238267.06,94.1,4.62,80.48,62.73,27.44,22.0
990613.0,Pixel Dynamics 157,FinTech,Ahmedabad,UK,Public,SME,Multi-Cloud,High,1990.0,1990-02-01,1995-06-04,38406.0,185895480.07,8.81,29.91,9.0,5709354.42,745597.97,29.0,3.17,32.33,52.94,11.06,23.0
106443.0,Vertex Networks 553,FinTech,Noida,Australia,Subsidiary,Enterprise,Multi-Cloud,High,1988.0,1988-05-08,2012-11-27,27746.0,201198237.23,27.32,27.08,16.0,15941548.53,2942129.59,57.1,2.31,46.51,65.41,35.16,14.0
146835.0,Pixel Soft 614,Cybersecurity,Chennai,India,Private,B2C,AWS,High,2013.0,2013-12-17,2018-12-16,4994.0,106200816.01,18.79,10.92,2.0,20216727.43,1004146.34,23.0,4.69,72.61,10.89,39.71,21.0
223024.0,Alpha AI 20,FinTech,Pune,Australia,Startup,B2C,Azure,Medium,2002.0,2002-08-12,2020-07-18,46213.0,222175078.67,22.33,8.2,1.0,10188181.62,1055847.96,115.1,4.68,69.44,27.34,32.29,21.0
203572.0,Neo Digital 900,EdTech,Noida,India,Private,Enterprise,Multi-Cloud,Medium,2010.0,2010-08-25,2026-03-29,19866.0,136975610.19,4.52,16.09,8.0,12188980.22,458335.72,94.6,4.58,96.83,53.73,54.29,7.0
811937.0,Smart Analytics 60,Cybersecurity,Chennai,Canada,Private,B2B2C,IBM Cloud,Low,2018.0,2018-10-23,2024-08-11,49890.0,273979005.91,35.37,27.37,19.0,1596236.56,3606569.06,89.7,4.55,25.94,94.59,33.67,15.0
333326.0,Blue Labs 88,EdTech,Bengaluru,UAE,Private,SME,Multi-Cloud,Very High,1994.0,1994-03-12,1996-02-07,37061.0,207054220.81,33.38,33.61,11.0,6790163.19,3730413.83,84.4,3.49,66.6,44.14,76.91,16.0
735495.0,Global Labs 779,HealthTech,Chennai,UAE,Startup,Enterprise,Multi-Cloud,Medium,2020.0,2020-08-04,2022-08-29,24967.0,195990383.53,9.41,26.75,12.0,30915006.67,1064291.91,53.7,2.61,61.7,47.77,47.94,19.0
339861.0,Secure Solutions 132,Gaming,Bengaluru,Germany,Private,B2B,Azure,Medium,1998.0,1998-07-03,2004-03-16,31245.0,235392727.41,27.37,29.95,12.0,13717537.18,3432050.18,111.2,3.48,90.1,73.61,64.6,6.0
787744.0,Global Services 170,E-commerce,Gurugram,Singapore,Public,B2B,AWS,High,2015.0,2015-12-05,,21616.0,189240768.27,34.73,21.15,7.0,16218345.23,2177535.0,13.4,3.53,19.54,63.74,8.75,23.0
380018.0,Next Infotech 894,Enterprise Software,Delhi,USA,Startup,B2B2C,AWS,High,1999.0,1999-05-11,2020-06-04,9966.0,197246172.06,27.63,29.26,13.0,26861228.43,1382339.02,97.4,3.52,74.92,36.6,31.78,1.0
435999.0,Zen Innovations 988,AI/ML,Noida,Canada,Subsidiary,B2B2C,IBM Cloud,Low,1992.0,1992-04-17,2014-08-31,20856.0,167488762.81,14.42,27.48,8.0,2502582.98,2947676.89,29.8,3.66,57.85,46.56,26.95,12.0
296746.0,Cyber Services 774,EdTech,Hyderabad,Singapore,Startup,Enterprise,GCP,Medium,1998.0,1998-06-16,2003-05-19,10034.0,147656713.18,28.24,13.26,22.0,25134235.37,1131784.7,42.3,2.85,30.54,29.38,45.56,18.0
610658.0,Cyber Platforms 409,AI/ML,Gurugram,UAE,Startup,B2B,GCP,Medium,2007.0,2007-08-24,2023-08-17,1809.0,249432091.81,10.42,19.36,9.0,116448032.46,3503222.79,64.7,3.16,49.12,95.98,68.89,16.0
293974.0,Vertex Stack 922,Cloud Services,Pune,Australia,Startup,B2C,GCP,High,2024.0,2024-08-11,2025-02-04,41999.0,267662081.49,14.73,28.19,7.0,47434886.61,595222.43,95.0,3.36,36.04,21.63,6.27,12.0
591187.0,Pixel Stack 124,EdTech,Noida,UAE,Subsidiary,B2B2C,AWS,Medium,2005.0,2005-05-02,2024-03-04,26888.0,158008397.4,11.6,1.71,21.0,19183066.89,4332436.83,101.4,2.48,58.88,43.09,5.81,20.0
283691.0,Blue Analytics 66,Gaming,Gurugram,UAE,Subsidiary,SME,IBM Cloud,High,2000.0,2000-12-04,2002-01-06,2532.0,116961430.61,24.28,28.3,24.0,2441336.78,694688.54,72.1,3.42,87.68,12.3,68.03,13.0
647186.0,Alpha Soft 603,Cloud Services,Noida,USA,Private,B2B,Multi-Cloud,Medium,2002.0,2002-06-21,2007-11-27,24492.0,120249823.44,6.33,6.31,15.0,12574442.6,2775738.52,51.3,4.45,57.95,29.74,17.03,8.0
241387.0,Secure Analytics 603,E-commerce,Mumbai,Australia,Private,B2B,IBM Cloud,Medium,2008.0,2008-11-26,2012-09-08,33769.0,214977908.69,39.33,18.06,2.0,21925501.61,4098996.59,113.8,4.5,63.75,79.46,53.5,22.0
443762.0,Blue Soft 73,Gaming,Hyderabad,Germany,Subsidiary,B2C,Azure,High,2010.0,2010-12-08,2022-07-29,28015.0,204068112.23,15.34,28.31,23.0,13213387.77,448808.32,33.3,3.29,53.24,27.9,43.43,1.0
132941.0,Cloud Analytics 70,AI/ML,Gurugram,Singapore,Public,B2C,Azure,Medium,2009.0,2009-03-18,2013-08-04,2129.0,90695015.68,10.76,8.96,20.0,18373916.16,2443909.29,97.4,3.6,9.76,17.13,66.63,21.0
510051.0,Cloud Apps 73,HealthTech,Noida,USA,Subsidiary,Enterprise,IBM Cloud,High,2013.0,2013-06-18,2023-07-25,2767.0,136176473.8,21.86,8.68,12.0,30734926.17,1835028.55,75.4,2.2,26.66,52.23,10.01,7.0
457907.0,Pixel Analytics 286,SaaS,Gurugram,India,Private,B2C,Azure,Low,1999.0,1999-08-08,2018-03-03,28002.0,124736480.51,13.08,14.16,1.0,1433460.34,2779361.98,48.3,3.51,50.76,10.89,10.38,15.0
475407.0,Global Dynamics 553,SaaS,Chennai,USA,Private,B2B2C,IBM Cloud,Low,1985.0,1985-11-06,1998-05-12,20958.0,176841808.97,23.4,31.32,23.0,5947351.01,1324375.29,5.2,3.27,33.85,17.54,44.55,22.0
957322.0,Innova AI 249,SaaS,Chennai,Germany,Subsidiary,B2B2C,Azure,Low,2009.0,2009-11-22,2019-09-11,42510.0,206103036.81,15.94,0.12,22.0,15887638.36,666086.79,56.4,3.39,21.9,81.88,75.71,13.0
661605.0,Global Innovations 195,Cybersecurity,Gurugram,Canada,Subsidiary,Enterprise,GCP,Medium,1991.0,1991-07-01,2025-01-28,24911.0,198020311.55,7.28,31.56,8.0,27733129.38,2966325.45,36.8,4.63,51.88,78.66,33.2,13.0
540322.0,Neo Works 675,Cloud Services,Delhi,USA,Startup,SME,AWS,High,1993.0,1993-10-07,2014-03-02,7361.0,102961313.75,12.64,5.47,5.0,7377693.59,2109081.88,17.0,3.44,35.02,91.45,26.16,9.0
332166.0,Logic Digital 434,Cloud Services,Mumbai,Germany,Public,SME,Multi-Cloud,High,2008.0,2008-10-14,2017-09-21,28121.0,215789041.36,19.54,34.65,15.0,25021587.27,2952190.71,13.6,2.16,29.0,86.05,48.54,24.0
536370.0,Logic Stack 885,HealthTech,Noida,Singapore,Public,B2B2C,Multi-Cloud,Medium,1985.0,1985-01-23,1999-08-21,23620.0,166022328.4,3.21,33.42,1.0,15167580.99,1263210.5,45.0,2.76,48.15,70.8,74.44,15.0
884541.0,Cloud Works 63,Cloud Services,Chennai,USA,Startup,B2B,AWS,High,1992.0,1992-04-09,2024-07-27,18499.0,130825647.24,32.83,17.36,1.0,9362153.56,1788839.18,75.7,3.48,17.4,14.66,66.95,4.0
136276.0,Prime Apps 820,EdTech,Bengaluru,UAE,Public,B2B2C,Multi-Cloud,Medium,2008.0,2008-02-19,2011-04-14,33586.0,189396411.88,26.87,17.99,10.0,5339668.16,2702893.7,101.3,3.33,91.28,79.67,79.64,13.0
199843.0,Neo Analytics 197,Enterprise Software,Kolkata,UAE,Private,B2B,Multi-Cloud,Medium,1995.0,1995-09-06,2012-05-29,38308.0,233883133.21,26.05,16.91,22.0,3894446.2,2831762.39,26.1,4.6,85.7,85.25,1.81,12.0
968146.0,Cyber Services 460,FinTech,Gurugram,Singapore,Subsidiary,B2B2C,AWS,Low,2001.0,2001-06-07,2022-07-11,48352.0,260523041.56,23.84,22.28,10.0,25090489.32,1926490.71,53.8,3.67,70.81,81.12,9.03,5.0
297289.0,Innova Innovations 188,Cybersecurity,Chennai,Singapore,Public,B2C,Multi-Cloud,Medium,1992.0,1992-02-09,2023-02-01,28915.0,163117068.55,25.61,3.27,21.0,11309125.17,1548218.14,50.1,4.1,14.88,55.25,48.76,7.0
191499.0,Next Stack 256,E-commerce,Kolkata,India,Public,B2C,AWS,Medium,2019.0,2019-08-17,2023-07-07,6695.0,236729560.99,39.39,1.24,15.0,85480305.82,1522172.58,64.0,3.46,77.16,30.73,65.65,8.0
132077.0,Data Stack 828,AI/ML,Delhi,Singapore,Private,Enterprise,GCP,Medium,2019.0,2019-10-13,2024-05-26,38050.0,177189469.23,2.34,2.11,17.0,3176628.52,1116267.34,98.1,3.38,80.14,85.23,22.82,5.0
429985.0,Secure Works 52,FinTech,Kolkata,Singapore,Private,SME,GCP,Medium,2017.0,2017-10-04,2021-11-26,26787.0,192053130.22,3.91,15.61,22.0,14763414.86,1734160.35,68.7,3.39,76.4,74.72,19.14,9.0
181645.0,Secure Soft 993,FinTech,Bengaluru,UK,Public,B2B,Multi-Cloud,Medium,1989.0,1989-06-28,2010-07-16,11535.0,98244221.54,9.66,9.72,6.0,3361541.37,1217705.38,102.4,3.29,15.6,97.29,62.96,14.0
355192.0,Data Analytics 171,SaaS,Pune,Singapore,Subsidiary,B2B2C,Azure,Medium,2023.0,2023-10-06,2025-11-20,38615.0,166734046.26,8.69,21.81,3.0,1832105.63,2998643.17,64.6,3.66,64.88,23.86,4.51,12.0
511024.0,Logic AI 493,E-commerce,Hyderabad,Germany,Startup,B2B2C,,Medium,2012.0,2012-12-26,2019-09-03,25572.0,192201162.13,9.25,34.74,13.0,13207723.52,2733174.69,74.4,2.83,82.59,30.08,29.55,4.0
598886.0,Cyber Corp 925,Cloud Services,Kolkata,UK,Subsidiary,Enterprise,Azure,High,1991.0,1991-10-19,1995-10-20,12392.0,109248725.41,28.88,13.58,16.0,5429066.41,1968614.18,55.3,4.68,58.69,28.85,40.46,20.0
867634.0,Cloud Networks 389,HealthTech,Noida,Canada,Private,B2B,GCP,Medium,1993.0,1993-11-05,2008-01-19,40856.0,238297463.09,20.38,20.13,8.0,41532215.88,1735903.08,99.7,3.07,65.12,80.54,44.83,8.0
157850.0,Tech Corp 272,Cloud Services,Hyderabad,USA,Private,B2B2C,Azure,Medium,1992.0,1992-02-08,2006-09-13,48820.0,220106679.76,41.67,14.6,15.0,10415275.88,1374218.22,111.2,2.53,47.63,26.63,58.29,17.0
304523.0,Fusion Platforms 434,FinTech,Kolkata,Singapore,Private,SME,AWS,Low,1996.0,1996-02-06,2013-09-30,13137.0,147901923.52,11.08,29.67,17.0,23859126.69,2595379.07,78.5,2.38,54.17,15.93,28.39,8.0
738544.0,Secure AI 159,FinTech,Chennai,UK,Public,B2B,IBM Cloud,Low,2018.0,2018-12-05,2024-09-23,37691.0,222426427.61,14.43,31.59,17.0,8735664.09,4167501.33,99.4,2.14,8.2,98.87,49.01,21.0
635331.0,Cyber Platforms 223,Gaming,Bengaluru,Singapore,Public,B2B2C,Azure,Medium,2017.0,2017-07-14,2024-09-08,34299.0,224703945.49,41.37,30.72,22.0,11263621.88,3211382.51,11.8,3.33,64.42,12.21,46.83,1.0
454688.0,Cloud Services 63,FinTech,Hyderabad,Australia,Startup,Enterprise,Multi-Cloud,High,2007.0,2007-03-19,2016-08-09,10143.0,272368507.87,35.27,34.11,13.0,88591539.25,3452100.33,109.2,2.64,12.57,84.34,43.81,20.0
264932.0,Alpha Systems 52,Cybersecurity,Bengaluru,Germany,Public,B2B2C,Multi-Cloud,Medium,2008.0,2008-07-06,2019-12-01,47240.0,250329264.13,20.79,1.06,17.0,32591767.92,3820949.24,26.7,2.16,45.46,42.52,51.24,2.0
697427.0,Bright AI 515,Gaming,Noida,India,Private,B2B,GCP,Medium,2021.0,2021-11-18,2025-11-21,16488.0,150886766.96,24.18,29.41,6.0,1518596.06,1841703.39,34.5,3.61,32.22,84.9,20.76,4.0
531507.0,Pixel Networks 59,HealthTech,Ahmedabad,USA,Private,B2B2C,IBM Cloud,Very High,2019.0,2019-11-06,2026-03-22,40461.0,245089616.98,35.73,26.34,17.0,1803446.11,657790.71,11.1,4.07,55.72,59.36,6.77,24.0
939587.0,Pixel Labs 872,Cybersecurity,Pune,Australia,Private,B2B,Multi-Cloud,Low,2024.0,2024-03-16,2025-05-28,26449.0,156400599.0,21.24,8.08,16.0,16512434.96,2952491.09,116.0,2.35,17.41,90.25,9.54,21.0
959660.0,Quantum Labs 610,FinTech,Delhi,Germany,Startup,B2C,GCP,Low,2006.0,2006-03-06,2014-01-21,19896.0,177782070.49,10.24,33.48,14.0,5446863.01,1173556.39,103.0,3.44,69.32,92.43,17.97,1.0
533084.0,Data Analytics 414,Enterprise Software,Delhi,USA,Startup,B2B2C,Multi-Cloud,High,2011.0,2011-08-20,2013-03-15,15758.0,118623412.84,35.14,5.27,13.0,2565359.43,2733078.96,110.0,4.26,78.94,10.81,40.02,7.0
419380.0,Neo Analytics 593,EdTech,Bengaluru,Singapore,Startup,Enterprise,GCP,Low,2019.0,2019-06-01,2025-06-07,44089.0,232927499.47,23.51,23.82,6.0,35073622.06,3431991.96,102.4,4.96,20.19,16.71,67.24,1.0
295168.0,Zen Systems 635,Cybersecurity,Ahmedabad,India,Public,B2B,Multi-Cloud,High,1985.0,1985-03-07,2007-03-23,45418.0,191201098.41,8.12,7.95,3.0,18241183.56,3612917.04,60.1,4.03,14.7,32.28,56.1,9.0
330159.0,Data Innovations 674,E-commerce,Noida,UAE,Private,Enterprise,GCP,Medium,2019.0,2019-09-17,2025-07-20,11048.0,109730373.19,22.22,15.16,14.0,15040417.43,1637540.39,111.3,2.81,18.53,69.57,63.12,3.0
766418.0,Bright Infotech 324,EdTech,Chennai,UAE,Private,Enterprise,GCP,High,2021.0,2021-07-22,2024-10-04,47113.0,289784720.94,18.53,25.2,14.0,31627424.32,2500976.25,116.5,4.18,86.57,89.06,28.08,12.0
642803.0,Next Dynamics 686,Gaming,Pune,Germany,Private,B2B,AWS,Medium,1998.0,1998-07-23,2018-11-29,30728.0,200609386.45,37.07,19.76,15.0,1590629.4,2945956.89,62.8,3.83,54.12,50.93,32.37,19.0
447599.0,Alpha Analytics 272,AI/ML,Hyderabad,Germany,Private,SME,IBM Cloud,Low,1987.0,1987-08-06,1993-09-16,10732.0,93915009.36,7.04,15.02,8.0,1267782.32,3759870.96,25.2,2.71,48.46,64.02,31.49,15.0
306045.0,Prime Solutions 688,AI/ML,Bengaluru,India,Public,B2B2C,AWS,High,1985.0,1985-10-01,2025-09-13,49198.0,216805414.21,37.01,11.49,15.0,23263448.33,3521693.53,80.7,4.57,14.92,26.78,15.35,22.0
561823.0,Smart Stack 324,Cybersecurity,Bengaluru,USA,Public,Enterprise,AWS,Medium,1989.0,1989-04-10,1991-06-20,8569.0,164539162.46,22.49,29.4,22.0,4547950.53,4450698.82,117.2,3.34,65.41,81.64,4.9,16.0
854551.0,Data Soft 470,E-commerce,Hyderabad,Australia,Public,SME,GCP,Very High,2010.0,2010-05-08,2023-01-22,31530.0,168065386.44,18.17,5.12,13.0,2827195.36,433147.17,105.3,4.89,85.72,96.09,47.27,10.0
574998.0,Zen Works 76,Enterprise Software,Delhi,USA,Startup,B2B,GCP,Very High,1998.0,1998-05-06,2019-07-07,19744.0,144917235.82,8.48,15.11,17.0,4005402.54,2193706.71,104.1,4.2,82.02,33.91,79.14,22.0
442022.0,Secure Dynamics 519,EdTech,Noida,USA,Startup,B2B2C,IBM Cloud,High,2023.0,2023-10-24,2026-03-02,3350.0,231727198.64,30.03,31.64,21.0,61826825.36,1449782.39,112.4,3.97,63.22,54.04,13.35,6.0
952867.0,Next Solutions 956,Cybersecurity,Delhi,India,Public,SME,Multi-Cloud,Medium,2011.0,2011-08-18,2023-06-16,6772.0,209087333.87,39.07,29.62,24.0,31119858.76,891562.89,107.8,4.21,12.0,17.66,3.73,17.0
692822.0,Vertex Labs 901,,Bengaluru,Canada,Private,SME,Multi-Cloud,Medium,1993.0,1993-02-19,1999-02-15,40036.0,171166841.86,17.02,14.09,3.0,6521387.59,4137212.85,94.3,3.49,15.45,59.76,62.36,21.0
618430.0,Blue Digital 292,FinTech,Delhi,Germany,Private,Enterprise,Multi-Cloud,High,1999.0,1999-05-25,2024-05-12,24210.0,151849528.49,11.66,26.73,6.0,20256340.56,4491644.47,87.6,3.57,9.59,54.75,20.21,22.0
135990.0,Quantum Stack 854,HealthTech,Chennai,UAE,Subsidiary,B2B2C,IBM Cloud,Low,1999.0,1999-06-18,2001-11-12,20109.0,162708604.09,24.19,28.83,5.0,10968751.0,1140444.45,35.4,4.57,28.95,22.85,66.37,24.0
203564.0,Secure Platforms 627,Cloud Services,Kolkata,USA,Startup,B2C,GCP,Medium,2010.0,2010-12-15,2023-04-03,35872.0,265219539.31,33.85,31.12,22.0,34257135.53,557576.91,76.5,4.07,17.62,49.34,56.31,17.0
353943.0,Pixel Soft 684,Cloud Services,Ahmedabad,Singapore,Startup,B2B2C,AWS,Medium,1997.0,1997-04-14,2002-08-05,25920.5,166313024.03,2.15,19.1,17.0,6819740.64,1527723.24,65.0,4.7,29.18,39.74,75.65,21.0
643579.0,Secure Platforms 955,Enterprise Software,Mumbai,Singapore,Subsidiary,SME,IBM Cloud,Very High,2016.0,2016-12-27,2024-05-01,8020.0,130371204.5,27.26,7.24,23.0,1313046.71,3822933.86,104.1,4.68,40.81,56.44,32.71,19.0
301660.0,Neo Solutions 271,Cybersecurity,Ahmedabad,Germany,Startup,B2B,IBM Cloud,Low,2023.0,2023-04-10,2024-02-03,34961.0,199706646.25,25.86,9.01,2.0,11074762.84,1604949.34,61.5,4.93,92.7,62.12,52.96,18.0
227865.0,Neo Works 761,E-commerce,Ahmedabad,Canada,Private,SME,GCP,Low,2016.0,2016-08-09,2020-11-28,25920.5,170651186.31,14.73,10.42,15.0,7645014.87,633296.07,19.7,4.13,61.76,10.76,37.19,11.0
317110.0,Secure Solutions 279,SaaS,Hyderabad,Canada,Startup,B2C,AWS,Medium,1988.0,1988-02-15,1995-04-08,31871.0,182474390.35,20.06,20.82,5.0,11191514.06,615217.95,5.6,3.56,82.65,77.73,50.45,24.0
216811.0,Smart Dynamics 735,Gaming,Gurugram,Singapore,Private,Enterprise,IBM Cloud,High,2014.0,2014-04-07,2022-11-12,9553.0,111790887.42,11.88,1.25,20.0,13735195.27,2152433.49,83.0,2.58,71.06,73.46,35.97,7.0
532606.0,Alpha Dynamics 704,Gaming,Delhi,USA,Private,B2B2C,AWS,High,2021.0,2021-12-20,2025-07-19,47967.0,214878685.61,33.6,22.3,6.0,11544258.29,4220485.46,68.2,4.15,15.46,42.6,15.09,10.0
932871.0,Next Infotech 501,Enterprise Software,Mumbai,USA,Startup,B2B,IBM Cloud,Low,2007.0,2007-07-06,2021-10-26,18972.0,132808178.4,27.38,12.82,6.0,3775375.63,1572273.81,43.1,2.95,73.44,14.71,40.63,7.0
757334.0,Next Systems 95,E-commerce,Chennai,UK,Startup,B2C,IBM Cloud,Very High,2023.0,2023-03-26,2024-07-30,12225.0,120396937.61,23.31,10.4,18.0,14310719.11,2151346.49,24.4,2.92,30.58,77.19,42.29,5.0
443869.0,Logic Tech 46,SaaS,Chennai,Australia,Private,B2C,AWS,Medium,1999.0,1999-04-26,2002-08-30,41174.0,259526993.8,17.7,30.79,18.0,12991979.07,817928.6,58.7,2.79,64.44,95.01,64.85,12.0
803606.0,Tech Apps 790,E-commerce,Pune,Canada,Startup,B2C,AWS,Medium,2013.0,2013-10-12,2025-12-09,21439.0,146624180.58,13.66,16.15,4.0,21513735.21,2423648.45,16.5,4.64,36.71,31.37,58.84,16.0
211470.0,Innova Tech 166,HealthTech,Pune,Germany,Private,Enterprise,AWS,High,2020.0,2020-05-20,,47888.0,210617673.08,34.91,3.42,17.0,10011148.68,3255842.96,43.7,4.62,97.78,38.79,53.1,21.0
872989.0,Fusion Services 723,Enterprise Software,Chennai,India,Startup,Enterprise,AWS,Medium,1997.0,1997-03-11,2011-02-16,872.0,128365177.01,20.06,28.95,14.0,30442120.08,1511716.48,48.6,3.93,29.51,26.36,9.07,18.0
221288.0,Logic Services 10,E-commerce,Ahmedabad,UAE,Private,SME,GCP,Medium,2016.0,2016-05-19,2020-01-01,17377.0,121879821.15,22.06,1.76,14.0,2217468.85,1616516.36,58.5,3.47,30.96,61.35,57.65,3.0
697855.0,Neo Labs 968,Cybersecurity,Bengaluru,UK,Public,B2B2C,Azure,Medium,1991.0,1991-09-22,1996-04-09,47107.0,259174539.92,22.83,25.46,13.0,12003391.89,3852097.6,58.7,4.05,91.55,23.78,40.02,20.0
846449.0,Innova Services 37,AI/ML,Ahmedabad,Germany,Subsidiary,B2C,AWS,Medium,2006.0,2006-03-25,2024-08-15,6200.0,145444121.54,19.93,27.11,7.0,6593844.54,442491.26,34.6,3.86,7.29,41.7,71.53,15.0
993833.0,Vertex Services 152,SaaS,Bengaluru,Australia,Public,Enterprise,Azure,Medium,2012.0,2012-07-02,2019-03-22,4475.0,150159476.11,12.24,12.41,12.0,1970968.28,3009529.91,102.8,3.31,69.79,72.03,73.59,5.0
208938.0,Logic Solutions 43,E-commerce,Mumbai,USA,Startup,B2B,AWS,Very High,1986.0,1986-11-05,2021-06-19,16082.0,163095943.15,6.81,28.89,23.0,1183351.72,2014927.0,45.9,3.2,72.46,59.85,4.41,13.0
507096.0,Smart Digital 921,SaaS,Ahmedabad,USA,Private,B2B,IBM Cloud,Medium,1990.0,1990-03-08,1997-07-24,2248.0,103796809.13,22.27,18.1,15.0,3896028.37,1623360.11,31.4,3.21,82.78,44.4,65.65,19.0
268518.0,Cloud Digital 216,E-commerce,Delhi,Canada,Private,SME,Multi-Cloud,Medium,2012.0,2012-12-11,2018-07-21,20129.0,155820601.88,32.3,16.27,19.0,12060764.39,3096134.71,25.2,3.81,95.62,47.4,3.02,12.0
926266.0,Blue Works 363,AI/ML,Pune,India,Public,B2C,GCP,Medium,2012.0,2012-11-13,2023-12-24,36270.0,202962241.61,10.94,1.68,11.0,26238198.04,3822140.94,42.1,3.98,95.73,60.03,29.37,23.0
109820.0,Secure Innovations 998,Cloud Services,Chennai,Singapore,Public,B2B,IBM Cloud,Very High,2004.0,2004-03-19,2019-03-09,41924.0,149329845.11,4.23,10.22,15.0,10646466.57,2689407.68,12.8,3.41,11.07,10.52,43.38,21.0
324621.0,Zen Solutions 948,AI/ML,Noida,USA,Private,Enterprise,IBM Cloud,Very High,2014.0,2014-05-21,2024-04-16,13909.0,173918168.6,33.9,32.59,12.0,10055891.92,527487.95,8.8,4.91,81.43,16.99,11.85,5.0
161676.0,Blue Networks 820,Cloud Services,Hyderabad,UK,Public,B2C,GCP,Medium,1995.0,1995-07-15,1999-05-22,31469.0,198768410.57,8.16,13.77,3.0,37874582.9,2291744.88,74.6,2.34,65.11,88.43,59.71,6.0
250475.0,Quantum Innovations 26,EdTech,Noida,India,Private,B2C,Azure,Medium,2012.0,2012-11-26,2015-02-02,8755.0,134543185.09,22.27,19.18,17.0,11436652.25,2297315.76,76.2,3.11,65.2,16.93,0.67,7.0
580651.0,Quantum Apps 802,AI/ML,Mumbai,Canada,Private,B2B,Azure,Medium,2009.0,2009-07-17,2016-03-29,42930.0,216003413.05,15.55,18.67,3.0,12356732.74,2629573.83,65.9,3.32,16.94,72.91,13.49,10.0
551344.0,Logic Analytics 274,SaaS,Hyderabad,USA,Subsidiary,B2C,AWS,High,2023.0,2023-12-12,2025-04-10,23286.0,200894842.18,7.06,20.71,19.0,26619833.64,3150931.49,92.7,2.15,65.47,91.88,46.46,16.0
597542.0,Quantum Works 392,Enterprise Software,Ahmedabad,USA,Private,B2B,Multi-Cloud,High,2017.0,2017-08-11,2024-07-11,22469.0,142321713.91,18.58,2.24,20.0,2755430.8,479205.45,9.5,3.16,96.37,34.09,57.15,8.0
407345.0,Cloud AI 228,Gaming,Kolkata,India,Private,Enterprise,GCP,High,1985.0,1985-01-28,2024-09-22,20028.0,136610222.9,2.59,12.74,4.0,25172860.49,2458251.76,112.6,2.89,89.8,42.97,73.33,9.0
238511.0,Cyber Stack 359,Cybersecurity,Gurugram,India,Private,B2C,AWS,High,2011.0,2011-12-03,2022-04-13,37659.0,193708500.47,35.64,25.34,3.0,9984022.44,2812061.85,15.9,3.57,45.84,60.63,56.44,4.0
979455.0,Smart Analytics 229,HealthTech,Pune,Germany,Subsidiary,B2B,,Medium,1997.0,1997-11-22,2014-01-26,15408.0,124243464.92,22.54,7.1,16.0,9274067.51,1807748.88,82.5,3.08,8.72,88.47,53.74,21.0
146298.0,Tech Dynamics 409,E-commerce,Chennai,UAE,Startup,Enterprise,Azure,Very High,1987.0,1987-02-26,2013-12-22,34227.0,158032845.65,7.57,7.2,12.0,2787296.65,3140297.43,20.3,4.21,38.69,93.83,31.55,21.0
339669.0,Alpha Tech 886,AI/ML,Mumbai,UK,Public,B2B2C,GCP,Very High,2023.0,2023-07-07,2025-03-15,25920.5,173269313.82,11.48,0.45,8.0,7829706.9,1335528.64,106.2,3.58,81.85,75.82,0.1,8.0
633835.0,Data Tech 360,Cybersecurity,Noida,UAE,Startup,B2B,Multi-Cloud,High,1990.0,1990-04-16,2003-01-17,37384.0,220123569.72,19.92,15.37,24.0,20916345.99,1701226.57,63.7,2.48,70.24,17.71,9.61,7.0
163444.0,Pixel Corp 696,SaaS,Mumbai,Singapore,Subsidiary,B2B,Multi-Cloud,Low,1992.0,1992-06-27,2005-09-21,11432.0,161936645.09,9.55,30.91,17.0,5034685.05,4347296.92,14.5,4.28,47.72,69.55,42.76,15.0
514638.0,Secure Apps 962,FinTech,Ahmedabad,Canada,Startup,B2C,Multi-Cloud,Medium,2011.0,2011-06-18,2024-12-17,14646.0,94182593.29,12.74,1.91,7.0,15725643.92,1827088.52,75.9,2.39,10.12,46.52,54.01,21.0
654720.0,Tech Works 899,Cybersecurity,Bengaluru,Canada,Private,Enterprise,AWS,Low,1993.0,1993-03-19,2015-10-09,33622.0,171665048.43,23.38,6.77,11.0,22150579.79,1820653.64,6.0,4.53,44.7,51.89,33.4,3.0
989343.0,Next Networks 595,Gaming,Delhi,Canada,Private,Enterprise,Azure,Medium,2021.0,2021-06-22,2022-04-10,13271.0,124802257.38,35.3,10.92,18.0,8080754.4,2842290.61,94.2,4.8,48.62,14.37,58.45,17.0
612467.0,Next Systems 112,HealthTech,Pune,India,Subsidiary,B2C,GCP,Medium,2017.0,2017-01-04,2025-01-08,1329.0,108637281.65,18.07,25.64,1.0,11655031.6,4380998.85,79.8,3.04,91.36,27.0,41.75,11.0
473079.0,Zen Innovations 354,Gaming,Delhi,Canada,Subsidiary,B2B2C,Azure,High,2008.0,2008-08-01,2011-10-15,46010.0,352777963.78,22.27,22.46,3.0,73856698.63,4430629.83,29.5,4.79,64.62,80.36,5.93,9.0
561899.0,Alpha Innovations 621,Cybersecurity,Mumbai,USA,Public,B2B2C,IBM Cloud,Low,1999.0,1999-03-15,2020-06-23,7133.0,197002627.92,37.07,14.62,4.0,71120703.92,2776597.65,48.1,4.4,33.98,50.4,15.36,5.0
251638.0,Pixel Works 395,EdTech,Ahmedabad,Australia,Startup,B2C,IBM Cloud,Medium,2016.0,2016-01-14,2019-04-09,43911.0,225698563.79,10.65,26.59,13.0,7510119.81,404456.78,5.9,4.78,53.85,36.85,67.2,10.0
927689.0,Bright Dynamics 261,SaaS,Bengaluru,UK,Startup,B2B2C,Azure,Very High,2016.0,2016-12-05,2024-04-16,17821.0,128435401.23,34.29,21.38,6.0,1950326.52,4092691.86,84.8,4.03,11.14,44.18,57.99,15.0
903566.0,Cloud Innovations 2,Cloud Services,Noida,UK,Private,B2C,,Medium,2008.0,2008-05-06,2015-02-23,30025.0,267079729.12,32.3,31.37,14.0,19766204.07,2737975.65,42.1,2.78,95.45,86.04,71.58,14.0
246201.0,Pixel Services 704,HealthTech,Ahmedabad,UAE,Startup,SME,AWS,High,1996.0,1996-02-21,2013-03-03,45698.0,222625099.47,16.28,28.65,5.0,1966136.82,1900585.27,70.7,4.69,38.49,76.66,9.4,4.0
786037.0,Cyber Digital 442,Cybersecurity,Ahmedabad,Singapore,Public,B2B2C,GCP,High,2023.0,2023-05-03,2025-01-15,48335.0,294117841.04,41.58,8.92,16.0,56093994.76,3799700.08,115.0,2.63,49.44,34.24,79.22,21.0
896141.0,Data Apps 639,Cybersecurity,Kolkata,UAE,Private,Enterprise,IBM Cloud,Low,1986.0,1986-11-21,1997-06-04,19113.0,173892510.76,12.5,9.57,15.0,46330292.56,2039313.08,39.4,2.72,38.04,20.46,16.75,20.0
887711.0,Alpha Works 738,FinTech,Pune,Canada,Subsidiary,SME,Multi-Cloud,Low,1987.0,1987-01-13,2018-01-23,2156.0,109132749.27,12.19,4.47,15.0,32772497.13,539582.48,118.9,2.89,68.47,32.43,0.94,2.0
432914.0,Smart Infotech 317,SaaS,Bengaluru,USA,Private,B2B,IBM Cloud,Medium,2021.0,2021-05-24,2025-12-03,24607.0,194429512.76,32.89,11.86,4.0,14558581.47,3766396.11,77.8,2.98,66.59,91.95,79.79,12.0
952754.0,Logic Apps 413,HealthTech,Hyderabad,UAE,Public,B2C,AWS,Medium,2001.0,2001-04-14,2006-02-03,48904.0,244790567.48,19.39,34.98,8.0,6558988.2,2638023.54,32.8,3.59,71.52,61.76,22.49,1.0
301502.0,Smart Services 131,SaaS,Delhi,USA,Private,B2B,GCP,Medium,1986.0,1986-12-04,1990-01-18,20657.0,120483454.86,15.23,14.26,16.0,5002336.35,1786388.51,55.2,4.17,29.94,57.48,53.44,24.0
314456.0,Cyber Innovations 681,FinTech,Kolkata,India,Subsidiary,Enterprise,AWS,Medium,1986.0,1986-04-16,1993-06-30,37649.0,157745099.57,9.15,7.8,16.0,13132544.99,1428658.74,90.2,4.79,34.36,63.08,14.13,20.0
360804.0,Prime Networks 631,AI/ML,Mumbai,UK,Subsidiary,B2B,GCP,High,2012.0,2012-03-19,2018-01-27,28579.0,243091094.64,32.61,26.71,4.0,50774464.52,2834569.58,56.3,2.36,16.65,42.58,46.42,5.0
606365.0,Bright Platforms 416,AI/ML,Kolkata,Germany,Startup,SME,Multi-Cloud,High,2007.0,2007-09-22,2017-12-24,36004.0,263461496.18,33.45,19.03,13.0,19504528.68,1253003.15,12.9,4.87,65.96,81.83,72.32,6.0
632722.0,Secure Soft 312,E-commerce,Ahmedabad,India,Private,B2C,AWS,High,2021.0,2021-01-01,2025-11-25,27906.0,170252472.87,24.66,5.32,13.0,21587037.67,1727788.63,24.4,4.77,8.7,56.57,25.61,24.0
707751.0,Smart Dynamics 441,Gaming,Bengaluru,India,Subsidiary,SME,GCP,Very High,2016.0,2016-06-27,2018-05-09,2623.0,119198023.44,40.29,13.39,2.0,12843181.88,3009774.27,96.0,2.26,60.58,20.39,53.62,11.0
181972.0,Bright Apps 477,FinTech,Kolkata,UK,Private,B2B,AWS,Low,2017.0,2017-07-23,2019-06-26,12858.0,355842026.18,14.73,14.56,3.0,178147680.71,4014332.25,79.6,3.14,85.88,21.49,15.03,8.0
297907.0,Fusion Stack 692,E-commerce,Mumbai,UK,Public,B2B,GCP,Medium,1985.0,1985-08-03,2000-04-09,35417.0,245198500.78,10.78,26.41,22.0,14139422.07,2584850.35,70.5,4.46,87.85,57.78,49.98,7.0
579527.0,Cyber Infotech 485,EdTech,Mumbai,Canada,Public,SME,Azure,High,2003.0,2003-07-03,2020-05-22,36851.0,186889697.51,29.1,0.82,8.0,6746728.99,3512336.23,24.3,3.87,46.76,93.35,26.92,4.0
986557.0,Quantum Labs 291,FinTech,Pune,India,Private,B2C,AWS,Medium,1986.0,1986-02-04,2004-01-21,41246.0,205440422.49,32.34,9.49,24.0,7395593.4,3528548.48,101.3,4.36,47.72,37.44,16.9,6.0
710266.0,Pixel Apps 96,Cybersecurity,Hyderabad,Australia,Private,B2C,IBM Cloud,Low,2010.0,2010-06-10,2014-01-28,34122.0,227846527.54,22.27,18.16,15.0,21778987.46,3123851.21,115.5,4.19,12.16,87.39,25.05,16.0
459255.0,Blue Platforms 231,EdTech,Chennai,UAE,Public,B2B,GCP,Medium,2016.0,2016-07-25,2026-02-14,23802.0,144354560.42,5.06,9.48,11.0,2165590.42,1407937.18,9.7,3.54,67.38,78.0,14.31,20.0
441387.0,Cyber Solutions 26,E-commerce,Bengaluru,India,Public,B2B,GCP,Medium,1990.0,1990-03-21,2021-05-17,17735.0,211134249.19,34.42,22.03,9.0,18071845.5,3953833.25,14.0,2.22,81.38,32.06,72.15,15.0
438310.0,Cloud Analytics 487,EdTech,Pune,Canada,Public,B2B2C,AWS,High,2016.0,2016-03-03,2022-12-13,41451.0,213799135.05,41.06,16.92,7.0,11027243.13,2188730.19,106.7,3.79,27.75,13.23,31.77,14.0
672710.0,Zen Labs 467,Enterprise Software,Ahmedabad,Australia,Private,SME,Multi-Cloud,Medium,1988.0,1988-10-01,2017-05-18,11422.0,95802039.05,27.79,12.72,13.0,551428.37,581264.05,98.8,2.24,44.18,19.06,19.62,23.0
889483.0,Logic Dynamics 736,SaaS,Kolkata,Canada,Startup,B2B,AWS,Medium,1995.0,1995-11-06,2015-09-28,9046.0,129527226.48,13.11,33.23,2.0,9018897.39,1402911.95,76.1,3.85,83.01,74.84,35.87,12.0
250371.0,Prime AI 410,HealthTech,Pune,India,Public,SME,IBM Cloud,Medium,2001.0,2001-06-24,2011-07-23,16508.0,220329584.8,41.87,22.16,8.0,19783325.85,3538748.25,113.7,4.42,86.57,27.77,25.64,12.0
848917.0,Blue Solutions 672,Cybersecurity,Hyderabad,Germany,Public,B2B,Azure,High,2022.0,2022-11-24,2023-11-07,31939.0,207961990.78,37.73,4.63,7.0,16111384.24,683446.68,79.3,3.8,27.62,43.04,59.55,16.0
408739.0,Tech Works 798,Enterprise Software,Mumbai,UAE,Startup,B2B,Multi-Cloud,High,2008.0,2008-07-20,2024-05-26,26715.0,191954329.05,22.54,19.65,24.0,12102550.18,1004194.05,29.8,4.99,56.2,54.65,77.7,15.0
300899.0,Logic Analytics 181,Cloud Services,,UAE,Startup,SME,GCP,Low,1989.0,1989-08-28,1999-09-30,38293.0,259894022.06,35.01,27.35,12.0,37270021.36,3246329.95,88.8,3.42,22.9,74.57,35.04,13.0
502576.0,Pixel Stack 52,Cloud Services,Delhi,Germany,Startup,B2B,AWS,Medium,2018.0,2018-02-04,2020-07-27,31703.0,242688581.94,34.63,24.83,19.0,24638594.94,4059663.24,79.3,4.27,14.47,20.08,68.88,11.0
712717.0,Secure Analytics 940,Enterprise Software,Noida,Germany,Private,B2C,Azure,Medium,1990.0,1990-02-19,2023-09-30,26707.0,171449716.66,39.39,6.11,7.0,14762373.4,2998301.22,118.4,4.03,89.73,46.17,45.27,17.0
872046.0,Neo Stack 137,EdTech,Noida,Australia,Private,B2B,IBM Cloud,Low,2006.0,2006-07-12,2016-08-18,40002.0,239982750.86,35.64,34.04,10.0,9955782.23,1311393.32,29.6,4.98,81.31,53.17,12.58,21.0
106709.0,Fusion Infotech 573,EdTech,,Singapore,Public,B2C,IBM Cloud,Low,1995.0,1995-06-26,2002-04-09,22230.0,203119449.8,27.75,15.76,16.0,18965581.42,618996.43,73.8,4.17,75.68,58.13,55.25,15.0
960989.0,Zen Apps 973,Enterprise Software,Kolkata,USA,Private,SME,IBM Cloud,High,2000.0,2000-04-09,2004-10-12,31946.0,168969035.82,26.37,5.65,3.0,19928337.29,2922018.99,94.7,2.58,9.54,82.83,41.07,14.0
323463.0,Fusion Infotech 437,FinTech,Delhi,UAE,Startup,B2B2C,IBM Cloud,Medium,2017.0,2017-04-18,2024-09-27,12925.0,120176120.01,20.69,6.39,10.0,6321200.52,594334.17,44.0,4.87,83.47,25.28,52.05,10.0
127073.0,Secure Stack 919,AI/ML,Pune,Australia,Private,B2C,Azure,Very High,1993.0,1993-10-24,2021-04-03,1672.0,87968630.85,27.06,3.53,6.0,2911477.47,2912160.41,48.7,4.04,45.74,81.9,71.17,12.0
651204.0,Quantum AI 461,SaaS,Kolkata,UK,Startup,Enterprise,GCP,Medium,1990.0,1990-05-25,2021-12-21,48806.0,261641892.42,33.81,28.14,18.0,4814441.04,1324877.77,107.1,2.27,36.84,71.67,35.23,16.0
298518.0,Next Analytics 861,E-commerce,Kolkata,India,Private,B2B,GCP,Medium,2000.0,2000-01-28,2014-07-14,40859.0,256987369.92,40.76,4.36,18.0,21529772.89,4109089.86,51.5,4.01,55.82,59.47,72.09,15.0
492126.0,Next Infotech 497,Enterprise Software,Delhi,Australia,Private,B2B2C,IBM Cloud,Medium,2013.0,2013-04-17,2025-06-06,16775.0,123780918.91,20.69,4.47,5.0,13320606.3,2347879.94,76.8,4.66,13.5,72.26,60.05,10.0
663717.0,Blue Tech 451,SaaS,Kolkata,Australia,Private,SME,Multi-Cloud,Medium,1987.0,1987-04-24,2007-07-29,40810.0,243840372.44,24.95,29.78,21.0,1652296.12,1318147.58,107.3,3.77,75.37,46.67,39.09,4.0
259332.0,Data Platforms 241,Cloud Services,Mumbai,Canada,Subsidiary,B2B,AWS,High,2004.0,2004-05-21,2006-03-24,15696.0,104249216.02,19.79,12.13,7.0,16301521.54,3897895.8,29.1,3.13,59.17,22.32,48.26,23.0
307193.0,Next Apps 328,Gaming,Hyderabad,Singapore,Public,B2C,AWS,High,2020.0,2020-04-16,2023-03-02,17079.0,191545958.12,28.74,1.18,2.0,62325623.66,1441545.13,117.9,4.48,22.35,69.25,26.05,9.0
677340.0,Secure Labs 142,EdTech,Kolkata,UK,Public,B2B2C,Multi-Cloud,Medium,2003.0,2003-02-08,2015-03-16,29452.0,147187477.17,27.2,1.91,11.0,13682997.15,1657056.21,85.7,4.37,22.51,56.7,78.69,21.0
155654.0,Innova Analytics 393,Cybersecurity,Kolkata,Germany,Subsidiary,B2C,Multi-Cloud,Medium,2010.0,2010-11-20,2012-08-04,4313.0,46298714.44,2.71,5.06,13.0,1438222.13,3820539.39,62.1,3.68,22.14,66.9,53.39,20.0
204403.0,Innova Dynamics 66,HealthTech,Kolkata,UK,Public,B2B2C,Multi-Cloud,High,1987.0,1987-09-01,2006-03-14,31037.0,156450504.83,22.27,7.55,23.0,13684876.32,1666047.32,54.6,3.51,10.3,40.08,3.51,9.0
237470.0,Logic Innovations 339,Enterprise Software,Hyderabad,India,Public,Enterprise,Azure,High,2003.0,2003-06-05,2012-09-03,46878.0,246676981.28,22.27,23.31,5.0,20008288.46,2081671.45,114.8,2.83,59.67,90.71,26.13,21.0
408878.0,Secure Stack 426,FinTech,Kolkata,Australia,Public,B2B,GCP,High,2004.0,2004-10-14,2013-03-13,47974.0,232416826.4,3.06,5.59,6.0,27303915.24,1825429.25,28.7,4.24,83.15,62.28,49.87,24.0
801411.0,Cloud Dynamics 853,EdTech,Ahmedabad,Singapore,Subsidiary,Enterprise,Azure,Medium,2016.0,2016-09-22,2018-12-09,8696.0,91547639.28,33.65,4.25,24.0,9380125.05,877241.3,40.8,4.44,6.63,17.6,4.51,20.0
381265.0,Logic Corp 927,FinTech,Chennai,UAE,Subsidiary,B2B2C,IBM Cloud,Low,1991.0,1991-08-25,1995-04-10,27579.0,252037577.44,12.35,26.79,14.0,70821540.23,559472.83,40.4,2.91,9.56,50.03,1.91,11.0
777914.0,Bright Soft 878,AI/ML,Chennai,Germany,Startup,B2B,GCP,Medium,2017.0,2017-01-19,2018-10-04,11714.0,223611466.54,15.63,23.52,12.0,70527886.79,3370616.76,38.2,3.17,58.27,77.32,36.0,11.0
869524.0,Bright Corp 489,EdTech,Hyderabad,India,Private,SME,GCP,Low,2024.0,2024-01-09,2025-04-21,35787.0,172011802.83,4.56,15.29,4.0,5420008.69,3045062.21,58.9,2.33,81.21,80.68,26.62,7.0
150509.0,Tech Digital 306,E-commerce,Mumbai,USA,Startup,Enterprise,IBM Cloud,Medium,2023.0,2023-01-02,2026-03-19,35846.0,210410137.96,9.18,19.27,23.0,12150201.34,1557700.88,118.8,4.17,35.39,54.02,35.06,21.0
440045.0,Prime Innovations 552,Cybersecurity,Gurugram,Australia,Public,B2C,IBM Cloud,Low,2002.0,2002-07-17,2015-11-07,24077.0,170638737.06,32.62,10.99,6.0,3524976.88,1611956.41,107.2,2.11,37.51,89.63,21.02,10.0
710907.0,Secure Analytics 500,Cloud Services,Ahmedabad,Australia,Startup,B2B2C,GCP,Medium,2024.0,2024-11-23,2025-09-14,29423.0,201777956.51,21.74,16.94,10.0,12373005.31,4274523.71,42.7,2.23,60.46,33.82,13.18,4.0
902878.0,Blue Tech 447,,Gurugram,Singapore,Subsidiary,SME,IBM Cloud,Medium,1985.0,1985-07-14,2021-06-25,36447.0,253612430.34,37.23,17.78,18.0,41496546.24,4449451.62,53.6,2.11,30.5,46.54,55.13,5.0
713210.0,Global Soft 399,SaaS,Kolkata,UK,Startup,B2C,IBM Cloud,Medium,1995.0,1995-07-03,2024-09-24,20659.0,158760183.33,17.89,13.61,15.0,25228525.79,2341083.1,82.0,3.97,7.47,89.98,41.17,5.0
381346.0,Alpha Corp 742,SaaS,Pune,Canada,Private,Enterprise,IBM Cloud,High,2012.0,2012-09-18,2016-06-04,35885.0,226625581.16,12.75,31.74,8.0,16900664.43,3690052.16,7.0,3.31,73.38,89.77,16.01,11.0
793060.0,Quantum Stack 942,SaaS,Bengaluru,Singapore,Public,B2C,Azure,Medium,2009.0,2009-05-03,2016-12-13,38759.0,219933678.87,15.9,0.66,9.0,38304852.63,3420412.09,99.3,2.96,63.19,71.03,25.57,9.0
899396.0,Innova Services 28,Cybersecurity,Noida,USA,Subsidiary,B2C,GCP,High,2007.0,2007-02-17,2012-07-22,19300.0,210232351.44,30.51,27.4,5.0,25623472.77,1619002.61,106.2,4.75,59.01,86.45,47.34,16.0
385349.0,Prime Soft 86,EdTech,Gurugram,USA,Public,B2C,GCP,High,2015.0,2015-03-18,2019-08-31,21222.0,112675278.17,24.2,4.44,10.0,1674301.59,640107.11,103.6,2.66,73.98,17.9,5.78,9.0
202249.0,Logic Solutions 888,Cybersecurity,Pune,UAE,Private,B2C,Azure,Medium,2014.0,2014-07-19,2016-06-25,11605.0,215768355.16,38.17,27.93,20.0,25549471.84,984480.65,48.1,3.23,67.8,86.98,11.8,22.0
940831.0,Fusion Networks 52,HealthTech,Gurugram,USA,Public,B2B2C,GCP,Medium,2019.0,2019-05-23,2024-11-26,21924.0,150851136.39,26.09,21.6,6.0,2354324.77,3837005.88,58.1,4.83,24.15,38.54,5.86,4.0
682508.0,Next Corp 336,,Chennai,Germany,Private,B2B2C,Multi-Cloud,Very High,1991.0,1991-12-28,2002-09-14,13131.0,190719417.66,21.72,29.53,16.0,7604587.35,3397976.66,6.4,3.34,37.78,25.87,64.99,2.0
906425.0,Cyber Stack 335,FinTech,Ahmedabad,Australia,Public,B2B2C,Multi-Cloud,Low,2000.0,2000-01-08,2004-11-13,24113.0,186974216.13,33.43,3.5,24.0,10670117.26,3123772.86,50.9,3.71,16.73,31.3,60.19,14.0
299284.0,Alpha Corp 285,E-commerce,Mumbai,Canada,Private,Enterprise,Azure,High,2010.0,2010-07-04,2021-03-03,6869.0,115908965.83,39.9,19.61,3.0,9065200.7,935660.21,57.9,2.33,17.08,47.2,60.27,3.0
667866.0,Logic Tech 855,Enterprise Software,Ahmedabad,UK,Private,B2B2C,Multi-Cloud,Very High,1986.0,1986-10-20,1992-06-20,25762.0,173679242.27,16.23,17.59,10.0,19840357.42,3023715.82,109.3,4.39,67.89,32.36,57.31,18.0
840152.0,Data AI 20,HealthTech,Kolkata,USA,Private,Enterprise,Multi-Cloud,Very High,1985.0,1985-05-22,2023-04-09,24812.0,152198168.94,12.0,24.75,11.0,9562463.63,3565824.56,107.8,3.33,84.85,38.53,53.55,21.0
232597.0,Secure Systems 975,HealthTech,Pune,USA,Subsidiary,B2C,Azure,Low,1996.0,1996-11-24,2004-11-17,11096.0,133196212.37,26.65,18.75,11.0,5095668.0,3928467.17,116.1,4.42,94.53,22.01,38.16,6.0
464782.0,Vertex Analytics 666,Cloud Services,Hyderabad,Australia,Public,B2C,Multi-Cloud,High,1989.0,1989-02-01,2021-10-03,31513.0,261097406.76,21.95,18.97,17.0,56563396.42,454248.24,106.8,2.84,63.44,36.36,51.38,11.0
253982.0,Data Systems 773,HealthTech,Kolkata,Canada,Subsidiary,SME,AWS,Medium,2021.0,2021-03-23,2022-01-24,28819.0,204521419.78,41.57,15.09,4.0,10445910.44,3206347.92,5.9,3.33,22.12,60.93,3.07,21.0
833948.0,Tech Analytics 205,Cybersecurity,Chennai,Singapore,Private,B2B2C,Multi-Cloud,Medium,2016.0,2016-03-16,2020-11-21,23200.0,200355591.52,20.49,10.88,4.0,66060253.17,478300.39,78.8,4.38,14.83,49.32,49.72,18.0
421490.0,Tech Solutions 245,AI/ML,Mumbai,UAE,Startup,Enterprise,IBM Cloud,Medium,1993.0,1993-09-17,2005-08-18,2761.0,117956264.95,4.97,16.93,17.0,24673746.48,3298178.67,12.8,4.92,80.6,40.86,62.23,12.0
493632.0,Innova AI 686,Gaming,Kolkata,UK,Private,B2B,Azure,High,2019.0,2019-03-12,2021-06-03,4903.0,123154173.18,41.09,4.24,9.0,30786686.28,3006047.6,36.3,2.27,58.82,76.43,40.03,5.0
793076.0,Neo Dynamics 477,FinTech,Gurugram,USA,Public,B2C,GCP,High,2003.0,2003-12-25,2023-08-04,29127.0,234421248.0,35.74,33.66,19.0,8224145.58,1008226.24,71.5,4.46,62.5,89.52,28.6,9.0
559921.0,Next Digital 172,AI/ML,Gurugram,Singapore,Private,Enterprise,Azure,Low,2000.0,2000-05-24,2006-04-19,23913.0,196254444.62,9.13,25.03,5.0,39441949.55,3541099.18,85.6,2.97,77.68,77.35,22.19,20.0
478820.0,Zen Works 797,EdTech,Chennai,UK,Startup,Enterprise,GCP,High,1987.0,1987-01-11,2026-03-16,21842.0,199321528.37,38.18,33.34,22.0,3417183.28,680225.23,80.3,3.7,70.4,39.55,51.42,18.0
378176.0,Quantum Platforms 111,HealthTech,Kolkata,UK,Private,B2B,GCP,Medium,2004.0,2004-07-09,2016-10-01,40533.0,197011800.82,15.63,8.01,24.0,8299018.3,3788234.97,10.6,2.94,82.6,76.26,55.42,19.0
284194.0,Bright Soft 952,FinTech,Mumbai,UAE,Public,B2B2C,Azure,Medium,2008.0,2008-02-09,2024-12-23,8992.0,143608148.62,17.08,30.79,6.0,26830508.81,1473909.9,16.9,3.88,10.23,23.53,69.68,3.0
251421.0,Smart Corp 407,AI/ML,Mumbai,Germany,Public,SME,AWS,Medium,2017.0,2017-10-21,2018-11-12,48325.0,218881650.84,38.26,28.33,3.0,6057288.06,3224292.64,19.8,3.13,74.52,21.6,27.39,9.0
399988.0,Cyber Labs 607,HealthTech,Chennai,USA,Subsidiary,B2B,Azure,High,2008.0,2008-08-15,2020-06-16,48644.0,225433555.45,23.2,23.73,22.0,5907001.35,4187126.3,15.5,3.07,84.13,40.76,61.58,4.0
460775.0,Blue Works 714,FinTech,Pune,UK,Private,B2B2C,AWS,Medium,1995.0,1995-06-02,2018-05-30,1812.0,148741441.63,7.51,21.91,1.0,22306814.31,1793290.8,25.5,2.21,31.61,81.89,44.91,17.0
882562.0,Smart Works 816,Cybersecurity,Mumbai,Canada,Subsidiary,B2B,GCP,Low,1992.0,1992-10-06,2009-06-30,32037.0,296157971.98,16.76,11.15,20.0,112220287.64,2461865.72,84.2,2.53,64.56,31.92,70.63,17.0
378325.0,Bright Systems 356,Cloud Services,Chennai,USA,Subsidiary,B2B,Azure,High,2020.0,2020-03-09,2025-05-03,15900.0,143398772.64,30.88,28.59,22.0,3021329.63,2298783.94,100.5,4.76,34.22,15.63,42.22,23.0
707718.0,Secure Innovations 678,Gaming,Kolkata,UK,Startup,B2B2C,IBM Cloud,Medium,2022.0,2022-02-19,2023-08-25,12162.0,162214432.32,8.97,17.6,16.0,8232197.17,1046206.53,52.0,5.0,94.09,21.72,41.41,23.0
127112.0,Vertex Labs 519,SaaS,,Canada,Public,Enterprise,AWS,High,2024.0,2024-04-24,2025-09-18,24108.0,244348468.89,25.61,2.57,23.0,40688348.59,2820279.24,84.7,4.36,8.11,86.43,46.23,2.0
652589.0,Alpha Soft 870,SaaS,Noida,UK,Private,B2C,Multi-Cloud,Low,2004.0,2004-01-02,2024-04-05,25920.5,146723886.0,29.81,11.02,11.0,1397220.33,3446307.87,28.0,2.93,58.92,66.41,59.95,9.0
733125.0,Logic AI 109,Cybersecurity,Kolkata,Germany,Private,B2B,AWS,High,2019.0,2019-01-08,2020-07-07,38940.0,234756697.39,15.75,32.74,13.0,34682062.07,4159186.8,116.9,3.27,20.48,32.53,77.18,9.0
338877.0,Logic Digital 651,FinTech,Delhi,India,Public,B2B2C,GCP,Very High,2009.0,2009-08-12,2018-08-04,531.0,201135247.75,29.76,29.79,10.0,47193501.16,3888290.67,45.2,4.24,71.24,59.42,5.89,5.0
946032.0,Fusion Solutions 446,Cloud Services,Pune,UAE,Startup,B2B,Azure,Very High,2019.0,2019-03-06,2020-05-24,47354.0,283357203.02,37.37,34.37,3.0,13225947.43,2491079.46,102.3,4.91,21.36,56.95,4.27,15.0
717888.0,Quantum Infotech 989,Enterprise Software,Kolkata,Singapore,Public,B2C,IBM Cloud,Medium,2009.0,2009-09-26,,32971.0,187447550.68,20.88,22.02,9.0,19974440.63,3347970.33,113.7,3.42,26.89,68.33,75.0,15.0
756882.0,Next Services 794,FinTech,Kolkata,UK,Private,B2B,IBM Cloud,Medium,2013.0,2013-12-21,2023-05-29,40435.0,181182891.5,17.32,8.74,12.0,10478677.99,3683211.99,104.4,4.51,50.98,30.75,42.39,3.0
511820.0,Global Stack 447,Gaming,Kolkata,Australia,Startup,B2B2C,IBM Cloud,High,2002.0,2002-04-11,2014-02-19,1574.0,133663936.35,12.05,5.78,23.0,13321360.64,2423303.73,12.7,4.93,90.08,86.93,49.19,19.0
183816.0,Bright Tech 331,Cloud Services,Pune,Germany,Private,B2B2C,AWS,Medium,2002.0,2002-07-24,2017-05-08,34938.0,177808317.85,26.17,6.62,14.0,8035262.24,873253.0,79.8,4.63,24.69,37.53,38.59,3.0
295857.0,Blue Labs 286,Cloud Services,Hyderabad,Singapore,Startup,SME,Azure,Very High,1986.0,1986-05-27,1993-06-30,15098.0,124716500.94,37.19,0.79,1.0,14872778.92,2195516.13,18.8,2.76,18.41,71.78,7.49,6.0
169153.0,Fusion Analytics 769,Enterprise Software,Ahmedabad,Germany,Startup,B2C,GCP,Medium,2019.0,2019-10-12,2021-05-04,35161.0,183582358.93,14.99,13.73,18.0,10765569.09,3854159.96,5.7,2.12,75.58,11.44,61.45,4.0
444734.0,Fusion Corp 345,Gaming,Bengaluru,Australia,Public,SME,AWS,High,2000.0,2000-09-22,2003-05-13,37954.0,157208785.01,17.85,6.78,17.0,6592503.88,2846229.76,11.0,3.53,51.56,43.17,59.78,24.0
489929.0,Tech AI 872,Enterprise Software,Bengaluru,Australia,Private,B2C,AWS,Low,2020.0,2020-03-08,2025-07-06,34058.0,179427314.37,18.27,14.47,9.0,4709265.57,3370279.35,110.4,3.64,89.8,41.3,24.94,13.0
314197.0,Alpha Networks 500,E-commerce,Ahmedabad,Australia,Subsidiary,B2B,GCP,Medium,2017.0,2017-09-02,2022-07-01,110.0,138541153.18,24.43,32.73,9.0,22455927.03,1159598.89,109.5,2.68,18.64,58.37,24.5,13.0
429263.0,Cyber Digital 817,AI/ML,Bengaluru,UAE,Subsidiary,B2B,Azure,Medium,1988.0,1988-02-15,2002-08-31,9180.0,117817554.71,11.14,15.13,23.0,3524716.97,4353784.85,31.0,2.93,65.07,16.47,67.03,11.0
437906.0,Next Apps 287,Cybersecurity,Mumbai,Canada,Startup,SME,AWS,Medium,2017.0,2017-05-11,2018-12-20,18073.0,177744637.4,34.89,30.74,10.0,10183255.71,2056730.17,67.9,4.32,26.66,80.32,5.79,5.0
827497.0,Zen Tech 570,HealthTech,Gurugram,India,Private,SME,AWS,Medium,1998.0,1998-09-15,1999-05-11,45130.0,205607094.27,13.82,21.23,19.0,3210197.48,3079905.64,114.8,3.46,19.58,29.38,70.49,1.0
332611.0,Tech Infotech 971,EdTech,Delhi,India,Startup,SME,AWS,Medium,2005.0,2005-06-07,2012-07-16,13400.0,165724870.39,30.21,8.72,15.0,8376670.69,477376.24,62.1,3.02,68.56,70.26,20.53,9.0
520329.0,Cyber Labs 248,E-commerce,Noida,UK,Private,B2C,AWS,High,2004.0,2004-10-26,2011-10-26,24404.0,173197081.26,22.53,12.52,5.0,13055849.24,922008.98,50.3,3.91,60.21,81.49,47.44,17.0
766674.0,Logic AI 569,EdTech,Chennai,Germany,Subsidiary,B2C,AWS,High,1992.0,1992-12-20,2003-11-19,45236.0,243015955.64,25.44,3.03,15.0,27549721.25,3606340.51,60.6,3.99,75.2,60.01,74.88,22.0
509050.0,Blue AI 662,Gaming,Ahmedabad,UK,Public,B2C,IBM Cloud,Medium,1991.0,1991-08-12,2018-07-17,28195.0,181006253.59,9.18,11.74,20.0,21966704.79,4368674.73,95.9,4.33,33.78,75.94,54.25,1.0
191160.0,Global Stack 812,Gaming,Noida,Canada,Private,B2B,Multi-Cloud,Medium,1987.0,1987-08-25,2024-10-21,34070.0,235242968.66,31.4,23.75,23.0,17320821.7,1712226.96,59.9,2.55,46.66,68.91,33.15,3.0
162281.0,Tech Labs 302,E-commerce,Hyderabad,USA,Private,B2C,Azure,Medium,2001.0,2001-04-24,2012-12-30,20637.0,121322167.11,9.54,2.62,2.0,26643626.03,552441.01,95.1,4.25,42.71,41.64,55.16,15.0
614314.0,Blue Corp 709,AI/ML,Ahmedabad,Australia,Public,SME,Multi-Cloud,Medium,2017.0,2017-03-01,2022-08-07,41181.0,212145678.3,6.54,7.27,13.0,15526542.92,1879553.07,54.6,3.84,96.52,81.99,27.52,21.0
603601.0,Blue Platforms 680,Cloud Services,Gurugram,Germany,Private,Enterprise,AWS,Medium,1996.0,1996-01-08,2021-04-17,9700.0,146758598.8,23.87,13.41,24.0,22490479.26,471619.33,34.0,2.27,32.18,36.23,22.18,23.0
937481.0,Bright Digital 485,SaaS,Bengaluru,UK,Private,B2C,Multi-Cloud,Medium,2006.0,2006-06-21,2025-10-30,19983.0,226092653.07,30.37,34.37,16.0,8977519.76,1188729.68,42.5,4.35,32.42,60.84,79.73,10.0
235570.0,Secure Infotech 353,E-commerce,Chennai,Germany,Subsidiary,B2C,AWS,Medium,2006.0,2006-12-01,2014-07-07,20631.0,178390130.72,4.0,27.49,15.0,4386553.21,3485135.26,13.9,3.21,37.97,76.34,60.06,8.0
222424.0,Logic Services 339,FinTech,Chennai,UK,Startup,B2C,GCP,Medium,2014.0,2014-01-25,2023-06-10,23443.0,166886034.14,4.78,25.7,10.0,11417995.32,4242062.43,62.2,3.06,57.51,43.73,51.58,12.0
340495.0,Vertex Stack 278,Cloud Services,Delhi,UAE,Private,Enterprise,Azure,Very High,2022.0,2022-12-24,2024-09-21,23101.0,137037448.78,34.11,4.16,14.0,8701130.84,758541.25,22.0,3.4,28.47,36.95,28.42,22.0
813351.0,Smart Tech 237,Cloud Services,Bengaluru,UK,Private,B2B,GCP,Very High,2022.0,2022-02-07,2025-12-21,26262.0,183343391.52,34.36,27.36,10.0,1956154.56,2687393.19,98.3,3.1,90.12,50.88,3.93,15.0
429585.0,Neo Dynamics 324,Gaming,Bengaluru,India,Public,B2B,GCP,Medium,1992.0,1992-04-14,2015-01-27,49132.0,248533352.77,11.81,27.51,14.0,5156418.38,1440911.47,53.4,3.08,29.71,82.8,2.48,9.0
951402.0,Neo Services 974,E-commerce,Noida,UAE,Private,B2C,Multi-Cloud,Very High,2011.0,2011-01-05,2018-04-11,4140.0,160069268.95,26.61,21.08,23.0,4908906.78,970142.42,93.0,4.44,88.31,92.76,44.33,24.0
391845.0,Quantum Dynamics 222,FinTech,Bengaluru,USA,Private,SME,AWS,High,2011.0,2011-02-02,2017-03-11,7010.0,159545751.01,19.73,34.66,9.0,19393570.25,1297818.94,114.8,2.46,14.62,58.51,60.96,10.0
778252.0,Global Tech 742,HealthTech,Noida,UAE,Private,B2C,GCP,Medium,2018.0,2018-09-14,2023-03-06,35822.0,195936161.69,27.31,11.45,14.0,24602116.94,2768828.58,102.7,4.91,66.06,68.87,42.99,20.0
560548.0,Bright Infotech 612,EdTech,Mumbai,UAE,Subsidiary,B2B2C,AWS,High,2005.0,2005-08-24,2007-11-27,21570.0,237522991.16,36.52,32.95,3.0,15642025.69,667051.46,114.4,3.71,89.35,90.39,67.26,9.0
740782.0,Smart Works 853,E-commerce,Chennai,UK,Subsidiary,B2B2C,AWS,High,2014.0,2014-10-04,2017-12-29,49531.0,226055734.92,5.19,32.02,20.0,6832029.01,2180296.24,70.3,2.63,20.69,18.77,2.67,15.0
898939.0,Cyber Platforms 233,Enterprise Software,Hyderabad,UK,Startup,B2C,AWS,High,2017.0,2017-11-27,2022-06-04,36458.0,183356734.98,33.12,0.5,16.0,13321738.14,954434.19,24.0,2.48,95.05,30.65,29.34,23.0
537365.0,Vertex Networks 310,E-commerce,Ahmedabad,India,Private,SME,Azure,Medium,2012.0,2012-02-19,2025-09-26,28520.0,156474905.03,21.72,15.81,2.0,4301119.84,1517975.91,112.6,3.82,47.12,73.09,18.97,21.0
810197.0,Tech Services 130,Enterprise Software,Ahmedabad,USA,Private,B2B2C,Multi-Cloud,Medium,2017.0,2017-01-14,2025-06-06,20541.0,228038913.72,24.57,34.2,10.0,22557909.0,1182092.75,104.9,3.94,92.95,83.31,35.78,21.0
623096.0,Next Systems 998,Enterprise Software,Ahmedabad,Germany,Public,B2C,Multi-Cloud,Medium,1989.0,1989-03-08,2003-01-31,1391.0,116765691.82,28.16,3.7,3.0,17336430.03,4020199.55,104.4,2.25,67.94,86.28,5.79,1.0
900061.0,Cloud Services 300,Cybersecurity,Chennai,India,Private,Enterprise,Multi-Cloud,High,2003.0,2003-05-28,2011-01-24,44673.0,220402903.58,38.9,19.22,11.0,4980639.94,3302846.46,84.7,2.8,33.05,46.94,76.33,2.0
711480.0,Innova AI 106,Cloud Services,Chennai,Australia,Private,Enterprise,GCP,Medium,1988.0,1988-07-23,2022-12-27,24841.0,153949654.83,4.27,34.27,11.0,7967182.74,3960696.57,76.9,4.41,22.51,17.95,17.86,19.0
377300.0,Tech Platforms 481,Cybersecurity,Ahmedabad,Germany,Public,B2B,GCP,Very High,2019.0,2019-06-11,2025-01-28,388.0,151912205.51,3.18,19.49,21.0,54216105.41,1972197.62,6.7,2.24,33.25,48.96,73.78,14.0
534611.0,Global Stack 349,SaaS,Ahmedabad,UK,Private,B2B,GCP,Medium,2001.0,2001-05-08,2005-05-08,5945.0,91649214.23,9.13,6.72,21.0,11978375.41,1684994.8,91.0,4.58,13.65,30.54,34.07,8.0
162521.0,Quantum Systems 259,E-commerce,Chennai,Canada,Startup,B2B,IBM Cloud,High,2012.0,2012-04-05,2026-02-11,12304.0,188688201.02,41.46,20.42,22.0,12538132.44,1960407.5,15.5,4.01,18.38,35.92,78.84,6.0
726562.0,Global Works 842,FinTech,Mumbai,Canada,Private,Enterprise,AWS,High,2014.0,2014-02-05,2017-05-15,11394.0,84813192.81,30.6,7.23,13.0,7780487.04,476047.6,34.9,3.36,14.73,78.73,44.32,12.0
923479.0,Data Corp 504,HealthTech,Mumbai,Singapore,Subsidiary,B2B,AWS,Very High,2013.0,2013-03-15,2024-06-14,1800.0,91258063.58,26.59,18.24,7.0,1751955.35,3371287.53,68.4,3.1,44.33,16.72,74.47,15.0
915245.0,Data Systems 156,E-commerce,Chennai,USA,Startup,B2B2C,IBM Cloud,Very High,1990.0,1990-06-14,1996-06-01,2471.0,99706341.08,3.88,2.68,23.0,6915006.98,1834067.07,56.9,2.16,78.99,83.65,0.43,14.0
567933.0,Innova Platforms 88,SaaS,Pune,Australia,Public,B2B,Azure,Low,2019.0,2019-09-12,2022-04-30,39937.0,245930661.26,37.16,21.23,17.0,23580092.55,1684627.59,6.8,4.49,18.15,48.06,59.86,21.0
668860.0,Blue Works 572,E-commerce,Gurugram,Australia,Private,B2C,AWS,Very High,2021.0,2021-08-10,2024-08-06,5369.0,112856940.58,34.51,18.14,2.0,7475904.59,2852378.37,99.8,2.51,17.12,63.05,72.24,1.0
890093.0,Logic Analytics 795,Enterprise Software,Noida,Germany,Subsidiary,B2C,GCP,High,2008.0,2008-05-28,2011-09-10,15946.0,147264708.51,28.59,25.93,12.0,17925764.85,2188624.64,106.1,3.0,64.84,17.98,11.18,11.0
392572.0,Pixel Corp 462,AI/ML,Chennai,Canada,Public,SME,IBM Cloud,High,2013.0,2013-02-06,2020-10-28,11968.0,162354320.21,15.57,22.11,10.0,32628828.45,4421457.81,83.4,3.75,23.34,40.02,7.69,3.0
178115.0,Fusion Platforms 881,E-commerce,Hyderabad,India,Public,SME,GCP,Low,2015.0,2015-12-23,2022-10-07,25114.0,190435809.79,4.82,19.28,18.0,26072473.77,1860637.48,67.2,2.81,14.08,17.98,33.97,19.0
518840.0,Bright Innovations 313,AI/ML,Kolkata,UK,Public,SME,IBM Cloud,Medium,2019.0,2019-01-07,2023-09-04,46667.0,221787151.71,25.2,24.17,22.0,9383031.36,2916972.95,115.5,3.54,20.52,95.58,74.69,18.0
176199.0,Bright Systems 625,HealthTech,Kolkata,India,Private,B2B,AWS,Very High,2017.0,2017-03-03,2025-12-22,27985.0,195487629.76,30.79,5.12,11.0,5351838.3,1677769.51,18.8,4.45,90.91,81.85,43.39,20.0
218410.0,Neo Dynamics 641,Cloud Services,Hyderabad,Canada,Public,SME,GCP,Low,2005.0,2005-04-12,2014-11-21,37691.0,186296874.96,5.77,20.88,16.0,2900525.6,4461439.42,89.9,3.46,81.4,50.91,42.2,2.0
864484.0,Cyber Tech 677,Cybersecurity,Ahmedabad,UK,Public,B2B2C,Azure,Medium,2016.0,2016-09-02,2024-08-05,29761.0,152850522.6,27.35,6.11,17.0,746597.94,2224955.24,19.8,4.85,37.93,29.9,11.29,7.0
647191.0,Data Networks 246,EdTech,Delhi,USA,Public,B2C,,Medium,2007.0,2007-05-09,2011-11-25,4856.0,182161677.95,13.45,32.4,19.0,41411027.72,2999928.12,48.9,4.56,65.99,93.08,0.06,8.0
939472.0,Quantum Services 77,Cybersecurity,Gurugram,USA,Startup,B2C,AWS,High,2017.0,2017-01-13,2023-01-27,41410.0,205566283.28,32.57,2.48,18.0,15677074.75,919558.85,72.3,3.07,54.97,40.67,64.81,19.0
974905.0,Quantum Soft 419,Cybersecurity,Gurugram,Canada,Public,B2C,GCP,Medium,1987.0,1987-09-24,2014-09-05,12232.0,145192034.32,23.58,15.12,3.0,6743117.29,3405399.28,89.8,3.26,67.97,24.33,7.01,22.0
315281.0,Fusion AI 299,Cloud Services,Mumbai,USA,Public,Enterprise,GCP,Medium,2002.0,2002-04-04,,22347.0,178539231.7,7.16,24.38,21.0,6369101.14,1503761.24,5.4,3.33,68.49,60.12,50.71,15.0
700947.0,Cloud Analytics 296,Enterprise Software,Chennai,Germany,Subsidiary,B2B,Multi-Cloud,Medium,2009.0,2009-02-26,2013-02-19,19591.0,218298545.42,23.06,16.08,16.0,21444340.29,2239314.34,35.0,3.92,63.47,94.0,73.17,10.0
991594.0,Smart Stack 73,EdTech,Pune,Germany,Subsidiary,SME,Multi-Cloud,Medium,2015.0,2015-02-01,2016-09-09,28971.0,149003256.98,17.83,3.31,6.0,8162698.33,4020845.56,66.9,2.93,29.75,10.34,16.69,22.0
486950.0,Blue Tech 807,SaaS,Pune,UAE,Private,B2B2C,AWS,Medium,1987.0,1987-04-05,1998-11-21,16824.0,130884619.72,9.21,19.41,12.0,11112527.08,4379265.31,66.3,4.91,8.63,31.19,53.22,1.0
820091.0,Bright Dynamics 436,HealthTech,Ahmedabad,Canada,Private,B2C,Azure,High,2024.0,2024-07-12,2025-12-18,44863.0,305126855.32,35.66,22.49,11.0,30306038.95,2140745.62,78.3,3.87,47.37,93.52,6.3,6.0
732662.0,Neo Services 231,Gaming,Chennai,Singapore,Subsidiary,B2B,GCP,High,2008.0,2008-11-21,2010-11-20,37248.0,209407452.32,2.44,24.66,15.0,14149370.77,3822690.94,39.9,3.26,87.86,25.23,48.3,13.0
976731.0,Innova Tech 847,Gaming,Hyderabad,India,Startup,B2C,Azure,Medium,2016.0,2016-10-19,2019-11-27,8870.0,123089766.58,14.49,13.13,15.0,6609563.18,618730.88,67.2,3.97,57.96,20.08,13.11,14.0
671277.0,Innova Labs 62,HealthTech,Hyderabad,India,Public,Enterprise,GCP,Very High,2006.0,2006-02-01,2008-06-12,24120.0,149079901.82,2.5,19.77,16.0,928467.86,3875053.52,26.8,3.25,82.41,60.75,58.88,3.0
350527.0,Quantum Platforms 610,AI/ML,Chennai,India,Private,B2B2C,IBM Cloud,High,2007.0,2007-04-21,2017-12-11,4282.0,121899756.84,5.84,15.83,10.0,9289679.38,2980992.32,26.5,4.47,97.22,86.7,24.1,11.0
937290.0,Bright Platforms 450,Enterprise Software,Mumbai,Singapore,Private,B2B,Azure,Medium,1986.0,1986-03-03,2004-11-15,11172.0,121548052.7,13.88,23.55,12.0,12885213.24,2403695.29,71.3,3.75,20.22,52.46,37.07,3.0
430759.0,Neo Stack 706,AI/ML,Pune,Canada,Startup,B2B2C,,High,2011.0,2011-02-02,2022-05-04,15073.0,154415242.96,4.17,20.47,13.0,1389833.95,4048851.19,83.8,2.22,69.34,98.52,47.95,19.0
273340.0,Smart Corp 966,E-commerce,Kolkata,UK,Public,B2B2C,GCP,High,1986.0,1986-01-06,2015-09-29,8057.0,117368324.03,25.87,18.45,4.0,8410075.49,3865882.61,18.8,2.61,67.71,70.45,13.7,10.0
658435.0,Next Infotech 553,Enterprise Software,Mumbai,Singapore,Public,B2C,Azure,Medium,2010.0,2010-07-27,2019-11-10,17955.0,126508711.61,5.47,8.81,7.0,3180347.23,1617474.89,19.1,4.61,96.14,16.59,59.33,15.0
568861.0,Global Stack 83,EdTech,Mumbai,Canada,Private,B2C,Azure,Very High,2001.0,2001-08-01,,41836.0,223672094.08,30.07,0.17,22.0,8604899.59,3645102.37,70.0,3.73,96.66,98.36,24.21,11.0
569865.0,Zen Systems 911,HealthTech,Ahmedabad,Singapore,Public,Enterprise,AWS,Low,2024.0,2024-11-14,2025-03-30,29448.0,159808920.06,4.11,6.18,2.0,10699115.22,807912.83,36.1,4.86,68.86,46.3,52.99,15.0
757685.0,Logic Apps 619,AI/ML,Kolkata,UK,Startup,Enterprise,Azure,Very High,2017.0,2017-06-07,2020-02-06,34318.0,173247475.58,4.37,4.19,15.0,21484903.73,3773332.14,50.1,2.31,27.66,35.58,12.66,24.0
709649.0,Next Soft 94,Enterprise Software,Kolkata,UAE,Startup,SME,GCP,High,1993.0,1993-05-09,2014-01-03,6787.0,207192690.44,14.21,15.77,8.0,50665371.62,3169368.03,51.1,2.96,79.27,59.65,55.05,13.0
147240.0,Blue Soft 784,Cybersecurity,Hyderabad,UAE,Public,SME,Multi-Cloud,Medium,2023.0,2023-03-02,2025-09-20,36112.0,231077298.59,37.86,21.47,7.0,22764083.58,760251.96,25.5,2.66,14.95,37.08,10.26,5.0
571578.0,Next Systems 782,FinTech,Noida,Singapore,Subsidiary,Enterprise,,Medium,2013.0,2013-10-20,2019-07-07,25560.0,151693625.56,27.66,7.54,15.0,18318395.34,3200628.71,5.2,3.71,77.61,17.69,34.03,4.0
894398.0,Quantum AI 532,Enterprise Software,Bengaluru,India,Startup,Enterprise,,Low,2010.0,2010-11-10,2022-03-10,19476.0,206461701.73,32.81,32.87,23.0,12795742.91,2780129.03,103.1,3.21,89.65,10.13,19.78,13.0
884614.0,Fusion Tech 186,Cloud Services,Gurugram,India,Subsidiary,B2C,GCP,Very High,2019.0,2019-07-18,2025-05-16,37315.0,136387354.4,7.66,0.33,14.0,8522972.03,2837655.41,87.2,2.56,40.6,50.01,59.87,9.0
274386.0,Bright Innovations 651,E-commerce,Kolkata,UAE,Startup,B2B2C,IBM Cloud,Medium,2009.0,2009-01-03,2016-04-10,17900.0,173332073.59,35.37,27.05,8.0,2832066.03,1592542.13,84.4,3.96,63.65,84.48,20.96,17.0
220957.0,Global Labs 482,AI/ML,Hyderabad,USA,Public,B2B,GCP,Medium,2008.0,2008-07-05,2018-05-28,664.0,121433146.8,2.33,21.92,12.0,9273605.76,1492638.52,67.8,3.66,45.0,60.94,70.54,2.0
625762.0,Vertex Innovations 342,SaaS,Delhi,UK,Private,B2B2C,,Low,1997.0,1997-04-21,2021-08-02,21826.0,156351759.84,10.52,13.14,13.0,3165004.22,3526393.96,85.6,2.9,45.71,98.93,71.35,24.0
428982.0,Alpha Works 879,Cybersecurity,Ahmedabad,India,Private,SME,Multi-Cloud,High,1991.0,1991-04-21,2016-05-21,24127.0,179745196.47,26.64,1.86,11.0,47454777.3,1452935.27,112.6,3.49,33.86,35.53,15.72,5.0
956030.0,Quantum Apps 422,Gaming,Hyderabad,UK,Subsidiary,Enterprise,Azure,Medium,2020.0,2020-01-13,2025-05-21,9424.0,154827453.26,22.27,22.0,17.0,26842482.01,2229675.23,81.6,4.26,75.88,34.96,49.11,16.0
635162.0,Global Platforms 679,Gaming,Bengaluru,Singapore,Private,SME,Azure,Low,2004.0,2004-12-12,2015-10-05,35485.0,225428697.83,41.37,13.56,17.0,12530858.38,3248634.89,35.5,2.7,92.06,24.22,7.02,7.0
517983.0,Prime Services 38,Enterprise Software,Kolkata,India,Startup,B2B,IBM Cloud,Medium,1985.0,1985-09-26,2011-09-28,30957.0,203195476.0,3.21,32.78,24.0,23923313.02,726426.63,70.6,2.95,92.49,24.6,31.32,1.0
513512.0,Fusion Labs 323,E-commerce,Delhi,UAE,Private,SME,AWS,Low,1992.0,1992-06-19,2015-07-16,13459.0,147936863.56,41.94,19.02,4.0,18490137.3,2837648.37,55.9,3.1,21.25,35.38,57.07,12.0
423961.0,Next Apps 119,E-commerce,Hyderabad,Singapore,Subsidiary,B2B,GCP,High,2000.0,2000-06-13,2013-02-17,16564.0,220272105.27,26.95,32.89,21.0,17457628.79,2816443.13,69.0,4.27,86.35,80.56,52.75,21.0
712860.0,Prime Infotech 845,HealthTech,Gurugram,UK,Private,B2C,AWS,High,1998.0,1998-03-01,2013-04-21,29916.0,201812193.57,24.35,7.79,8.0,9635595.33,3205337.71,64.5,4.56,73.58,90.61,49.98,11.0
564182.0,Tech Services 474,EdTech,Mumbai,USA,Public,B2B2C,IBM Cloud,Medium,1996.0,1996-10-08,1998-04-26,3033.0,129945678.01,4.38,25.43,5.0,18259130.07,1916705.19,103.8,3.19,28.51,96.78,22.6,12.0
151210.0,Logic Systems 193,Enterprise Software,Gurugram,Australia,Private,SME,Azure,Medium,2007.0,2007-05-02,2026-02-19,31755.0,138522011.96,12.93,21.64,16.0,14139673.6,2240817.07,80.0,2.96,11.26,30.67,30.24,19.0
838720.0,Pixel Digital 638,Cloud Services,Noida,Singapore,Subsidiary,Enterprise,Multi-Cloud,Medium,1999.0,1999-08-17,2016-01-13,20712.0,209642873.24,38.99,25.91,4.0,22660350.11,1752874.19,26.7,4.68,29.92,88.44,8.24,12.0
728110.0,Global Stack 779,AI/ML,Mumbai,Germany,Private,B2C,GCP,High,2012.0,2012-10-08,2016-07-31,23560.0,173203196.45,16.17,7.59,22.0,16127712.94,3713489.81,12.2,5.0,89.84,39.21,57.52,12.0
733088.0,Cloud Dynamics 274,E-commerce,Chennai,Germany,Startup,B2B,Azure,High,2018.0,2018-02-08,2021-09-14,12701.0,154178485.27,28.47,23.31,15.0,3755799.36,935504.12,53.8,4.04,63.89,20.04,40.31,14.0
252403.0,Secure Solutions 950,Enterprise Software,Pune,Canada,Subsidiary,Enterprise,AWS,High,1986.0,1986-05-18,2025-06-29,41048.0,267243538.44,41.98,17.48,12.0,5941977.26,4348111.21,6.8,4.97,72.06,87.43,56.7,2.0
413502.0,Smart Stack 902,Cloud Services,Pune,UK,Private,B2C,Azure,High,2016.0,2016-12-02,2025-07-27,28585.0,132559577.59,12.52,26.02,5.0,4858355.3,3002828.24,41.6,4.01,28.92,66.61,19.92,2.0
660208.0,Global Works 30,FinTech,Hyderabad,Germany,Public,B2B,IBM Cloud,Very High,2007.0,2007-04-19,2025-11-19,6690.0,145184483.83,25.04,11.51,23.0,27707932.2,4036317.57,47.3,4.23,71.9,24.66,25.96,4.0
384654.0,Zen Analytics 727,E-commerce,Kolkata,Germany,Public,B2C,IBM Cloud,Medium,2006.0,2006-07-12,2025-10-27,44597.0,259593237.44,29.86,31.16,16.0,19783620.47,2147548.98,48.2,3.23,7.62,48.25,26.74,20.0
481599.0,Quantum Platforms 565,Cybersecurity,Delhi,India,Private,SME,IBM Cloud,High,2009.0,2009-03-06,2015-04-22,15367.0,136272811.0,8.59,3.04,14.0,51404528.11,1762344.19,117.6,3.36,39.9,35.57,2.06,23.0
132874.0,Tech Services 418,FinTech,Chennai,UAE,Subsidiary,B2B2C,Azure,Medium,2006.0,2006-10-11,2025-01-30,7614.0,149921191.03,7.95,28.27,10.0,1366056.49,4092975.82,39.9,2.52,63.29,75.57,27.28,16.0
123489.0,Data Analytics 862,SaaS,Bengaluru,USA,Startup,B2B,GCP,Medium,2006.0,2006-12-23,2015-01-18,27395.0,190040615.04,20.25,30.16,7.0,13614662.64,805379.42,35.5,3.51,18.59,50.35,64.26,10.0
500225.0,Neo Stack 970,Gaming,Pune,UAE,Private,B2B2C,GCP,Medium,1990.0,1990-10-01,2022-07-22,48338.0,288786395.14,17.43,28.62,13.0,21008374.84,880139.65,19.9,4.8,81.54,98.05,71.78,13.0
620771.0,Neo Solutions 511,E-commerce,Pune,Australia,Startup,B2C,IBM Cloud,Medium,1999.0,1999-12-12,2025-06-18,28737.0,163036474.26,30.57,17.99,20.0,3612351.57,1627321.78,63.8,3.91,26.86,14.87,41.46,2.0
152401.0,Smart Infotech 723,SaaS,Gurugram,Canada,Public,SME,Azure,Medium,2021.0,2021-10-05,2025-02-27,13787.0,135934306.07,4.78,15.4,5.0,13912423.21,4335077.43,22.7,3.1,65.66,41.6,36.44,3.0
867221.0,Next Innovations 855,Gaming,Pune,India,Subsidiary,B2B2C,AWS,Low,2017.0,2017-04-27,2023-07-10,9373.0,208337140.36,40.89,34.87,3.0,25645175.83,2995581.3,75.9,3.51,42.68,52.89,2.47,19.0
154763.0,Global AI 250,SaaS,Ahmedabad,Canada,Startup,Enterprise,Azure,Medium,1992.0,1992-09-10,2000-11-16,15279.0,276333488.01,2.57,8.1,15.0,124156885.16,2672194.16,22.8,2.87,60.43,54.78,70.34,6.0
185573.0,Fusion Services 149,E-commerce,Chennai,USA,Private,B2C,AWS,Low,1989.0,1989-08-02,1994-01-18,44531.0,208750402.7,26.05,19.19,4.0,11135836.98,3291960.98,71.3,2.84,14.99,38.12,1.04,19.0
876634.0,Prime Dynamics 944,Cloud Services,Hyderabad,USA,Private,Enterprise,GCP,Medium,2023.0,2023-01-08,2025-09-08,8552.0,149027170.79,24.51,23.51,15.0,14611707.46,2111645.68,100.0,3.88,6.57,74.9,75.58,21.0
617462.0,Zen Infotech 765,FinTech,Gurugram,UAE,Startup,B2B2C,GCP,Medium,1988.0,1988-04-01,2013-08-13,595.0,131182849.21,7.39,24.56,14.0,21668682.49,3508101.36,9.9,4.84,89.59,87.85,39.14,20.0
395182.0,Innova Labs 283,E-commerce,Delhi,USA,Public,B2C,IBM Cloud,Medium,1990.0,1990-08-01,2005-11-18,37164.0,222182624.27,8.04,7.22,20.0,42429517.8,2012245.86,53.3,2.24,30.08,93.55,27.35,19.0
437864.0,Logic Apps 957,SaaS,Chennai,Germany,Private,B2B,Azure,Medium,2016.0,2016-10-07,2026-01-17,29480.0,286336684.85,33.71,22.92,19.0,56814035.78,3788089.06,58.0,2.1,81.23,81.65,73.94,8.0
212686.0,Pixel Tech 841,Cloud Services,Bengaluru,USA,Public,SME,Azure,Medium,2014.0,2014-03-11,2018-12-24,10046.0,219901168.47,37.5,28.66,13.0,25828322.07,1495909.84,96.0,3.84,97.94,85.7,1.95,14.0
315544.0,Tech Platforms 744,E-commerce,Chennai,UAE,Startup,B2B,GCP,Very High,2019.0,2019-06-02,2020-03-30,27838.0,152054460.14,13.32,1.85,10.0,9306330.91,1537941.3,58.8,2.92,24.66,59.0,46.51,10.0
199081.0,Smart AI 887,SaaS,Ahmedabad,UK,Private,SME,GCP,High,2024.0,2024-03-19,2025-12-27,30019.0,199320255.06,19.52,31.91,21.0,13566719.97,2541771.55,70.3,4.65,29.66,83.5,43.91,3.0
493929.0,Innova Stack 552,E-commerce,,UK,Public,SME,GCP,High,2000.0,2000-03-25,2005-12-23,48593.0,189713188.63,16.2,1.13,5.0,10252649.73,2166120.75,96.0,3.05,66.65,37.01,17.55,6.0
582752.0,Global Digital 341,EdTech,Pune,UAE,Public,B2B,AWS,High,1997.0,1997-09-28,2014-05-15,13969.0,155561341.81,4.9,12.52,23.0,4074911.75,3057274.96,69.4,2.94,94.79,45.46,34.31,15.0
249290.0,Secure Services 387,Gaming,Mumbai,Germany,Startup,B2B,Multi-Cloud,Medium,2014.0,2014-02-12,2023-11-15,3860.0,137019282.07,28.93,0.65,20.0,32837898.11,1893592.09,46.2,2.88,90.17,38.21,52.18,23.0
554066.0,Fusion Apps 891,Enterprise Software,Chennai,UK,Startup,SME,Azure,Medium,2003.0,2003-10-04,2011-07-20,30636.0,162080552.33,35.01,2.79,20.0,3460430.34,1345257.66,14.9,2.52,51.77,51.6,58.17,23.0
896216.0,Cyber Analytics 586,SaaS,Delhi,UAE,Private,Enterprise,IBM Cloud,High,2001.0,2001-05-11,2008-02-14,40024.0,216507846.46,14.2,31.9,6.0,5764141.11,2326215.11,88.9,3.79,78.95,35.42,0.06,18.0
946888.0,Prime Analytics 877,AI/ML,Delhi,Australia,Public,B2B2C,,High,2003.0,2003-03-24,2025-04-11,41823.0,234030560.7,41.61,12.48,4.0,10949917.62,2699921.65,105.2,2.59,17.62,95.58,74.95,14.0
387683.0,Logic Systems 326,AI/ML,Pune,Germany,Startup,Enterprise,Azure,High,2012.0,2012-07-26,2023-12-06,16421.0,153140521.12,5.03,14.92,2.0,27854129.94,984660.22,116.6,3.33,95.9,37.84,13.16,19.0
191259.0,Global Corp 396,EdTech,Hyderabad,USA,Public,Enterprise,Multi-Cloud,Low,2010.0,2010-11-11,2014-11-28,45134.0,237019797.61,28.47,7.62,22.0,2709930.33,2682546.37,111.6,3.44,94.68,18.73,18.69,10.0
903047.0,Innova AI 988,HealthTech,Chennai,USA,Public,B2B,GCP,Very High,2021.0,2021-12-18,2025-11-21,29679.0,197494560.28,19.93,20.94,16.0,12177491.26,1708952.49,96.7,2.16,20.23,56.89,21.08,15.0
901020.0,Cloud Solutions 515,EdTech,Bengaluru,Singapore,Public,B2B,Multi-Cloud,Medium,2010.0,2010-10-26,2019-01-02,8486.0,127767560.98,19.86,20.86,18.0,2133708.82,2009052.73,79.0,2.15,32.85,15.08,3.03,4.0
309574.0,Bright Apps 891,Gaming,Noida,Germany,Public,B2B2C,Multi-Cloud,Medium,2007.0,2007-04-22,2021-03-17,13034.0,116619305.84,20.31,13.09,5.0,9394999.79,1545204.33,94.9,3.61,14.31,19.84,9.84,23.0
337592.0,Neo Stack 103,Cybersecurity,Ahmedabad,Australia,Public,SME,GCP,High,1993.0,1993-03-13,2007-10-06,33089.0,217820381.97,12.35,11.72,22.0,18878152.89,4218782.34,54.7,4.12,30.27,29.53,78.91,2.0
973109.0,Pixel Stack 16,Gaming,Mumbai,Singapore,Public,B2B,AWS,High,1996.0,1996-12-23,2010-03-19,25920.5,227286483.81,30.62,30.99,4.0,29272914.68,3201678.75,73.4,4.83,80.88,51.33,25.22,3.0
193434.0,Innova Innovations 892,E-commerce,Pune,USA,Private,SME,Multi-Cloud,Medium,1985.0,1985-03-06,2022-09-11,25920.5,158510109.38,30.86,13.48,13.0,22602024.87,1476087.28,45.1,2.62,40.18,48.56,9.22,7.0
752876.0,Innova Labs 481,HealthTech,Bengaluru,Canada,Public,B2C,AWS,Medium,1985.0,1985-01-23,2015-09-12,10666.0,158344395.6,13.3,17.32,19.0,12545849.86,3044628.47,42.6,2.4,13.22,81.17,8.56,23.0
563334.0,Next Apps 639,EdTech,Ahmedabad,Germany,Subsidiary,Enterprise,Azure,Medium,2018.0,2018-07-28,2025-05-13,37179.0,199159927.9,35.41,9.99,23.0,3455734.66,3879146.88,92.0,2.25,36.83,75.81,57.56,16.0
474750.0,Prime Labs 873,SaaS,Ahmedabad,Singapore,Private,B2C,AWS,High,2016.0,2016-01-06,2023-10-04,39887.0,232484257.21,14.67,27.56,2.0,19907235.68,2046683.85,57.2,3.36,96.27,47.94,68.37,10.0
848887.0,Alpha Services 390,AI/ML,Noida,UK,Private,Enterprise,Azure,Low,2009.0,2009-06-26,2023-09-18,24624.0,196121348.15,31.0,13.97,13.0,9023779.56,3802825.79,29.4,3.91,63.56,39.7,20.56,19.0
765580.0,Alpha AI 894,Gaming,Bengaluru,Germany,Private,SME,AWS,Low,2024.0,2024-04-21,2025-10-17,3480.0,279774782.96,6.84,18.03,11.0,164525740.44,1033101.27,28.2,4.54,43.7,38.17,1.67,17.0
894178.0,Secure Systems 633,HealthTech,Delhi,Germany,Public,B2B2C,Multi-Cloud,High,1985.0,1985-02-16,1996-04-23,12726.0,93776755.85,8.75,8.94,22.0,4956162.13,3773403.6,103.8,4.08,20.49,78.89,17.85,19.0
575169.0,Data Analytics 647,AI/ML,Noida,UAE,Startup,B2B,Multi-Cloud,Medium,2000.0,2000-06-24,2004-06-28,25920.5,171792686.8,14.63,34.57,4.0,17153809.04,2615206.39,82.9,2.7,96.71,14.63,4.52,5.0
997932.0,Smart Analytics 765,Gaming,Ahmedabad,UK,Public,B2B2C,Azure,Low,2023.0,2023-04-12,2024-11-23,32783.0,168870279.42,25.75,10.27,22.0,3159751.81,1314195.4,67.8,3.44,81.34,11.14,8.27,23.0
895753.0,Data Innovations 101,Enterprise Software,Gurugram,Singapore,Private,SME,AWS,Low,1989.0,1989-03-21,1993-12-24,20194.0,228119198.01,27.82,27.0,20.0,34011949.54,2069279.68,51.1,4.74,31.18,80.8,34.52,20.0
809630.0,Neo Stack 171,EdTech,Noida,India,Private,B2C,Azure,Medium,2006.0,2006-12-22,2021-05-02,2100.0,106891822.27,17.85,15.02,20.0,6422180.25,4450771.27,54.5,3.05,11.52,52.47,18.39,13.0
259585.0,Smart Soft 48,FinTech,Hyderabad,Germany,Public,B2C,Azure,Very High,2013.0,2013-12-11,2024-01-07,44510.0,203957890.72,5.11,7.3,15.0,34162438.61,3612579.67,11.6,3.55,10.27,21.65,41.28,13.0
564368.0,Alpha Systems 301,Gaming,Chennai,USA,Private,Enterprise,Multi-Cloud,Medium,1987.0,1987-01-09,1999-05-29,33983.0,159924630.62,16.95,28.01,4.0,12043792.42,2757854.08,57.3,4.88,16.2,30.97,20.28,11.0
975133.0,Vertex Digital 442,Enterprise Software,Pune,UAE,Public,SME,GCP,Medium,1996.0,1996-04-23,2000-01-16,25001.0,174398422.33,29.55,11.74,9.0,32918974.75,872172.04,96.5,4.23,59.01,92.99,75.24,11.0
618752.0,Innova Analytics 544,E-commerce,Gurugram,USA,Public,B2C,GCP,Medium,2010.0,2010-06-09,2013-06-04,32463.0,239931116.69,28.84,30.3,7.0,15284751.04,2113027.49,49.6,4.27,91.37,86.5,72.48,16.0
289441.0,Logic Networks 175,SaaS,Delhi,India,Private,B2B,AWS,High,2000.0,2000-12-01,2003-02-28,34851.0,193641934.25,8.41,32.04,19.0,1137176.03,1478511.21,49.1,2.83,51.2,73.17,45.34,15.0
442486.0,Quantum Labs 625,EdTech,Bengaluru,UAE,Private,Enterprise,GCP,Medium,2021.0,2021-07-15,2026-02-09,32963.0,214067532.61,2.31,30.11,19.0,12225004.38,691104.43,6.8,3.3,83.39,52.92,28.35,17.0
601163.0,Prime Analytics 510,FinTech,Noida,UAE,Public,SME,AWS,Very High,2006.0,2006-07-06,2016-04-14,47087.0,219632878.48,32.12,1.32,6.0,12286540.23,2623037.99,57.7,2.34,46.47,56.31,30.49,22.0
502188.0,Bright Solutions 238,E-commerce,Mumbai,UAE,Subsidiary,B2B,Azure,Medium,2013.0,2013-08-13,2021-11-17,40650.0,216403605.87,6.25,27.58,6.0,7038426.57,4045661.37,7.9,3.86,70.9,96.8,32.95,18.0
622987.0,Fusion Tech 471,,Pune,Canada,Private,SME,GCP,High,1998.0,1998-09-13,2003-07-20,25330.0,181808836.04,5.29,14.46,20.0,6932191.59,3169959.46,70.6,2.4,73.06,95.95,58.21,19.0
214047.0,Next Soft 921,FinTech,Kolkata,USA,Private,Enterprise,Multi-Cloud,High,2012.0,2012-08-26,2025-12-19,24607.0,153170348.52,2.11,30.59,15.0,5238160.11,1423689.59,63.3,4.52,21.18,29.16,36.13,4.0
304658.0,Fusion Platforms 694,SaaS,Bengaluru,Germany,Startup,SME,IBM Cloud,High,1989.0,1989-11-25,2020-10-28,47104.0,245764534.53,19.3,22.36,15.0,11690662.05,2751696.89,101.6,4.46,38.59,82.19,68.54,22.0
651256.0,Secure Networks 76,SaaS,Delhi,USA,Private,B2C,AWS,High,2014.0,2014-04-06,2025-02-13,35450.0,243944846.42,22.13,29.19,20.0,36976964.64,4267260.56,71.9,3.65,64.27,27.55,75.53,22.0
889236.0,Fusion Digital 602,SaaS,Noida,Singapore,Private,SME,AWS,Medium,1989.0,1989-02-26,1991-07-02,4544.0,95713880.07,27.51,17.53,9.0,3203243.62,3363951.72,42.2,2.51,11.57,29.0,26.88,23.0
956099.0,Smart Innovations 707,Cybersecurity,Delhi,India,Public,B2C,Azure,Low,1996.0,1996-05-01,2011-04-19,15202.0,132249509.08,13.84,18.77,4.0,6287132.87,3226842.99,64.4,2.17,38.62,70.17,44.86,5.0
774146.0,Next Stack 866,EdTech,Gurugram,Germany,Private,B2B,IBM Cloud,Low,2000.0,2000-05-04,2004-04-30,23945.0,181993939.43,30.42,5.14,18.0,13335363.42,4369448.48,85.5,4.41,54.74,46.05,7.6,7.0
677934.0,Smart Dynamics 394,Enterprise Software,Mumbai,Canada,Public,B2B,GCP,High,2010.0,2010-06-06,2019-06-03,9205.0,314579832.66,8.77,27.46,18.0,126867063.75,3675380.58,15.8,3.84,97.65,92.91,16.04,2.0
728962.0,Global Works 243,HealthTech,Gurugram,UK,Subsidiary,B2B2C,IBM Cloud,Medium,2010.0,2010-03-24,2012-09-06,31933.0,218056286.12,35.28,14.74,5.0,29915082.54,960156.53,76.4,4.16,49.13,17.92,33.08,1.0
208976.0,Prime Digital 589,Enterprise Software,Kolkata,UK,Public,B2B,Multi-Cloud,Medium,2005.0,2005-09-03,2013-07-31,43244.0,228269302.37,24.87,17.55,20.0,8099416.67,1825303.86,110.4,2.98,80.89,55.53,16.5,12.0
873597.0,Smart Platforms 23,SaaS,Kolkata,USA,Subsidiary,Enterprise,Multi-Cloud,Very High,2023.0,2023-10-20,2025-05-09,43051.0,246449632.57,25.36,27.5,23.0,7913369.07,4357076.87,39.4,3.58,45.18,91.75,70.12,10.0
933154.0,Prime Tech 9,Gaming,Hyderabad,Australia,Public,Enterprise,IBM Cloud,High,2020.0,2020-12-01,2023-06-03,1878.0,131769844.42,10.39,21.0,11.0,4990096.04,2407792.12,77.1,4.27,79.06,90.47,12.66,8.0
468373.0,Bright Systems 933,AI/ML,Ahmedabad,India,Startup,B2C,GCP,High,2017.0,2017-11-06,2024-10-23,45078.0,140006750.98,4.96,7.12,5.0,8291377.27,857713.53,99.5,3.44,60.37,23.93,36.45,1.0
711182.0,Zen AI 853,Cloud Services,Chennai,India,Public,B2B,AWS,Medium,2014.0,2014-07-06,2016-03-14,41948.0,255915815.61,20.59,20.7,22.0,42764519.37,2280280.01,63.9,3.84,87.45,42.63,48.46,12.0
256406.0,Smart Analytics 622,Enterprise Software,Pune,Canada,Public,B2B2C,Azure,Very High,2021.0,2021-02-11,2023-02-25,32173.0,207098115.33,26.62,14.33,4.0,46029098.05,3257672.26,87.6,4.39,43.22,65.1,55.35,2.0
819145.0,Vertex Analytics 652,E-commerce,Delhi,Australia,Subsidiary,B2B,AWS,Very High,2007.0,2007-04-14,2023-08-21,37623.0,135769348.39,5.8,16.49,12.0,6474424.86,4489947.71,40.8,2.72,61.2,24.19,30.65,10.0
524766.0,Cyber Tech 695,E-commerce,Pune,Germany,Private,B2C,Azure,Medium,1994.0,1994-09-24,2019-03-25,856.0,97206298.15,40.02,1.09,2.0,5559683.49,1728011.8,40.2,2.29,63.59,96.15,69.53,22.0
595382.0,Innova Works 926,Gaming,Delhi,USA,Private,Enterprise,IBM Cloud,Medium,1989.0,1989-05-22,2002-08-18,41020.0,234247281.07,41.22,7.43,13.0,8549808.36,2507756.19,81.8,3.64,43.82,91.41,45.47,17.0
628184.0,Cloud Platforms 808,FinTech,Pune,UAE,Subsidiary,B2B,Multi-Cloud,Medium,2020.0,2020-05-08,2021-07-16,29807.0,147396800.1,23.82,9.91,10.0,7882061.36,4006690.89,86.1,2.28,18.42,24.86,35.16,3.0
554794.0,Fusion Systems 594,Cybersecurity,Kolkata,India,Public,SME,Azure,High,2018.0,2018-01-13,2025-05-30,34686.0,194827377.26,40.0,24.98,9.0,1125973.88,1856595.59,112.8,4.32,13.7,20.78,5.38,7.0
533562.0,Vertex Solutions 93,EdTech,Pune,UAE,Private,B2C,AWS,Low,2015.0,2015-09-27,2021-07-03,14611.0,95456256.63,9.18,0.5,10.0,6394249.99,847972.38,30.9,4.19,6.55,17.6,37.18,12.0
493906.0,Smart Apps 766,Gaming,Ahmedabad,Canada,Private,SME,Azure,High,1994.0,1994-03-02,2011-03-09,48330.0,233530873.57,3.02,14.37,7.0,6199340.96,4290637.09,58.8,4.66,86.24,90.94,65.66,8.0
858422.0,Logic Networks 206,HealthTech,Gurugram,India,Private,SME,Azure,Medium,2003.0,2003-01-14,2005-12-18,24312.0,168409463.69,3.58,32.35,4.0,23856893.36,2402607.31,33.8,3.95,26.99,27.23,49.16,20.0
354810.0,Innova Services 898,EdTech,Noida,Canada,Public,B2B,Azure,High,2016.0,2016-05-27,2024-06-04,14949.0,237672645.31,25.5,4.0,19.0,75317481.89,2461413.21,14.2,2.29,24.67,47.05,66.57,12.0
306998.0,Vertex Infotech 514,Enterprise Software,Chennai,USA,Private,Enterprise,Azure,High,1985.0,1985-11-20,2011-07-19,49038.0,211390335.28,4.47,18.12,10.0,6367185.96,2946920.59,51.4,2.83,73.45,49.95,39.52,3.0
345393.0,Next Networks 264,HealthTech,Ahmedabad,USA,Private,SME,GCP,Medium,1989.0,1989-04-04,1991-02-26,15984.0,177694214.02,40.34,27.55,3.0,22345587.45,414500.16,48.0,4.44,34.76,63.31,9.48,17.0
506334.0,Global Platforms 765,AI/ML,Hyderabad,India,Subsidiary,SME,AWS,Very High,1988.0,1988-04-06,2018-08-18,38247.0,191556400.8,7.68,32.99,21.0,3549578.4,4217637.82,36.1,2.58,52.06,16.38,1.09,9.0
683990.0,Alpha Works 480,AI/ML,Mumbai,Singapore,Startup,B2B,Multi-Cloud,High,2000.0,2000-05-03,2022-03-30,41894.0,195590431.79,14.19,26.16,19.0,18789362.48,1881949.45,39.2,4.13,20.11,30.18,24.26,10.0
859467.0,Data Solutions 773,Enterprise Software,Kolkata,Australia,Startup,B2C,Azure,High,2008.0,2008-02-10,2017-12-01,36382.0,254973140.9,34.9,25.25,21.0,20217775.07,2027420.64,46.4,4.36,94.26,92.9,55.84,22.0
376817.0,Blue Corp 991,Enterprise Software,Mumbai,UAE,Public,Enterprise,GCP,Medium,2000.0,2000-08-16,2012-11-20,34207.0,225666095.33,22.27,28.94,2.0,17523381.49,1113847.91,118.7,3.06,84.2,90.85,63.22,6.0
199381.0,Secure Digital 93,Enterprise Software,Gurugram,Germany,Subsidiary,Enterprise,GCP,Medium,1986.0,1986-02-21,2014-05-29,11643.0,159653819.18,11.72,15.67,20.0,8065435.43,1950421.61,95.0,3.03,85.33,79.53,23.66,1.0
752959.0,Prime Soft 271,Cybersecurity,Noida,UAE,Private,B2B2C,Azure,Medium,2012.0,2012-07-06,2021-04-28,40092.0,251893017.74,27.69,28.22,10.0,16580993.59,3696168.48,13.2,3.72,42.83,11.73,39.65,22.0
392014.0,Secure Works 466,E-commerce,Delhi,UAE,Private,SME,IBM Cloud,Medium,2016.0,2016-07-12,2019-02-04,17370.0,95946212.84,13.04,0.38,2.0,14268713.27,3679965.86,105.3,4.6,75.9,39.1,33.69,12.0
574239.0,Vertex Tech 599,HealthTech,Gurugram,Canada,Private,B2C,AWS,High,2011.0,2011-08-02,2017-11-26,27426.0,168905037.44,10.7,32.37,2.0,3439741.9,4236767.05,77.8,2.75,18.38,65.89,32.84,5.0
406392.0,Prime Digital 111,AI/ML,Chennai,India,Public,B2B2C,IBM Cloud,High,2004.0,2004-08-15,2010-11-28,43563.0,194973801.29,12.17,15.57,24.0,22576821.44,2053240.84,107.4,4.83,5.8,34.49,18.51,13.0
520289.0,Blue AI 26,Gaming,Delhi,Canada,Private,B2B2C,Multi-Cloud,Medium,2008.0,2008-04-27,2015-01-10,14249.0,181206275.19,21.63,19.41,17.0,28414052.43,3305758.17,44.3,3.84,6.86,90.95,10.91,15.0
257216.0,Zen Services 336,HealthTech,Ahmedabad,USA,Subsidiary,Enterprise,Azure,Low,1996.0,1996-10-02,2003-10-13,15926.0,228619146.66,40.64,9.0,16.0,57358689.41,2479673.98,58.4,4.98,59.55,66.42,15.74,22.0
961150.0,Zen Analytics 664,Gaming,Kolkata,Singapore,Public,B2B,IBM Cloud,Low,2019.0,2019-12-22,2021-01-31,8295.0,127656722.77,35.29,26.01,16.0,13852681.17,3696493.44,108.1,2.36,47.35,16.4,4.43,11.0
169834.0,Data Stack 932,FinTech,Bengaluru,UK,Public,B2C,Multi-Cloud,Medium,2017.0,2017-02-22,2021-11-09,7264.0,126419082.2,13.38,2.77,14.0,11763627.58,3321422.24,36.3,2.47,53.18,90.9,15.85,8.0
426695.0,Smart Innovations 120,SaaS,Pune,Australia,Startup,B2C,IBM Cloud,Medium,2017.0,2017-09-14,2024-08-12,776.0,99840499.7,16.53,30.55,7.0,2887537.42,1908401.99,110.3,4.5,5.69,95.24,0.74,5.0
584959.0,Innova Systems 969,HealthTech,Chennai,UAE,Public,B2C,AWS,High,2021.0,2021-04-18,2022-05-05,46650.0,246004443.59,20.58,29.0,21.0,23765381.75,1780362.72,100.3,4.61,44.31,16.92,50.18,2.0
612113.0,Cloud Platforms 505,E-commerce,Mumbai,Australia,Private,Enterprise,Multi-Cloud,Medium,1996.0,1996-07-27,2020-06-10,11412.0,187697297.53,41.16,7.64,11.0,49647838.48,1435014.1,117.8,3.39,71.78,57.38,25.31,12.0
397200.0,Neo Works 241,AI/ML,Pune,UAE,Private,B2B,IBM Cloud,High,1987.0,1987-07-18,2020-10-26,18347.0,146535377.76,8.9,28.35,24.0,5944796.05,2763714.74,42.3,4.17,46.17,37.0,77.85,2.0
181607.0,Secure Solutions 398,Cybersecurity,Hyderabad,UAE,Subsidiary,Enterprise,Azure,Low,1985.0,1985-08-19,2000-07-27,30498.0,187417798.61,16.3,27.54,1.0,4459506.93,4351755.69,32.1,4.62,73.1,44.96,15.5,16.0
481401.0,Fusion Digital 687,E-commerce,Hyderabad,UAE,Subsidiary,B2C,IBM Cloud,Very High,2017.0,2017-08-10,2018-11-20,26222.0,166948061.94,31.18,22.16,11.0,5279276.71,1220273.62,43.0,2.23,26.67,25.99,27.67,21.0
189503.0,Secure Innovations 602,SaaS,Delhi,Germany,Private,B2B2C,Azure,Low,2024.0,2024-07-28,2026-01-01,42924.0,264673344.88,40.56,13.14,23.0,17620227.48,790535.07,114.8,3.76,80.62,61.45,28.63,3.0
570358.0,Innova Innovations 671,Cybersecurity,Chennai,UAE,Public,B2B2C,Multi-Cloud,Medium,1994.0,1994-01-17,2020-08-15,25920.5,213370580.39,8.23,9.58,21.0,39464968.94,889542.63,43.3,4.58,59.72,95.26,0.68,10.0
323154.0,Neo AI 631,SaaS,Gurugram,Australia,Subsidiary,B2B2C,AWS,Low,2013.0,2013-09-26,2017-04-22,18900.0,131278335.04,11.1,8.19,4.0,5539421.36,3610704.57,70.0,3.25,24.6,54.77,67.14,19.0
814676.0,Logic Tech 34,SaaS,Delhi,India,Private,B2B,IBM Cloud,Medium,1997.0,1997-02-25,2018-02-22,25475.0,114606720.87,11.03,11.22,7.0,2425306.67,1835429.7,51.4,2.98,27.02,17.38,2.56,8.0
974606.0,Vertex Dynamics 455,Enterprise Software,,India,Private,B2B2C,GCP,Medium,1996.0,1996-03-06,2006-07-04,26735.0,158507466.86,2.84,31.63,15.0,7959273.82,1319903.99,50.6,4.41,63.41,65.18,75.21,7.0
427872.0,Fusion Analytics 876,EdTech,Kolkata,UK,Private,Enterprise,AWS,High,2015.0,2015-04-05,2016-06-23,47369.0,231623299.38,26.16,2.81,18.0,6542494.05,1846660.89,27.2,3.07,82.18,40.28,71.37,1.0
412385.0,Vertex Works 703,AI/ML,Delhi,UAE,Startup,B2C,GCP,Very High,1986.0,1986-07-03,2020-08-23,24628.0,209240043.15,28.83,29.03,12.0,19832817.47,3045856.33,66.8,2.11,43.65,86.18,42.84,12.0
912486.0,Vertex Services 924,Cloud Services,Ahmedabad,UAE,Public,Enterprise,Multi-Cloud,Medium,2019.0,2019-07-07,2021-08-28,28881.0,212800420.21,26.1,12.28,17.0,25351239.23,2641827.21,102.7,4.88,29.02,48.69,43.49,5.0
854039.0,Vertex Systems 408,AI/ML,Ahmedabad,India,Subsidiary,SME,AWS,High,2007.0,2007-10-09,2015-03-04,7956.0,133589106.71,4.85,18.3,1.0,25300328.04,3448716.57,10.7,3.82,85.63,27.16,52.3,16.0
965495.0,Next Dynamics 992,Gaming,Ahmedabad,Canada,Private,SME,Multi-Cloud,Medium,2001.0,2001-12-26,2005-01-02,7337.0,130118048.52,4.77,27.83,11.0,16892631.19,1790204.01,107.3,4.48,67.24,27.01,30.96,4.0
199512.0,Neo Stack 94,Gaming,Mumbai,India,Public,B2C,GCP,Medium,2010.0,2010-02-13,,33710.0,283426177.58,10.42,30.96,1.0,71478706.96,2253317.15,81.5,4.49,46.67,78.42,51.78,17.0
825936.0,Cyber Soft 52,EdTech,Bengaluru,USA,Private,B2B2C,AWS,High,1992.0,1992-07-18,2007-08-19,25920.5,186494798.42,13.61,12.13,15.0,10868575.6,818070.31,75.9,2.29,50.37,33.64,3.58,24.0
864923.0,Alpha Analytics 129,HealthTech,Noida,USA,Public,SME,AWS,Medium,2013.0,2013-05-17,2024-04-11,37493.0,254294384.54,33.46,16.22,21.0,11888984.1,699540.45,77.0,2.6,24.0,78.28,4.32,21.0
778334.0,Bright Dynamics 71,Cybersecurity,Ahmedabad,Canada,Public,Enterprise,Multi-Cloud,Low,2010.0,2010-01-26,2024-12-22,34751.0,165140463.96,8.38,14.57,10.0,4800373.52,2295246.5,39.1,3.0,63.29,28.32,36.58,2.0
550835.0,Secure Dynamics 601,E-commerce,Kolkata,India,Startup,B2C,Multi-Cloud,Medium,1994.0,1994-10-17,2013-10-27,17814.0,97629483.13,3.76,0.56,7.0,8780819.29,1636546.09,52.7,3.03,38.36,38.63,43.97,12.0
496704.0,Cyber Analytics 337,Enterprise Software,Kolkata,Canada,Private,Enterprise,Azure,Low,2010.0,2010-02-14,2014-05-10,44691.0,217322143.4,17.76,10.43,2.0,4155301.72,2912482.35,96.9,4.01,97.6,51.43,71.03,1.0
515117.0,Innova Soft 284,,Pune,Canada,Subsidiary,B2B,IBM Cloud,Medium,2018.0,2018-03-19,2025-08-05,17724.0,154733100.42,18.66,16.13,10.0,19046683.72,576308.88,40.2,3.91,49.66,93.94,8.37,12.0
565671.0,Innova Solutions 554,SaaS,Hyderabad,UK,Public,B2C,AWS,High,1991.0,1991-10-25,1996-06-29,18074.0,198008713.42,20.04,14.45,24.0,27896420.46,899242.15,59.1,3.53,50.19,92.92,65.81,12.0
970820.0,Next Networks 113,AI/ML,Pune,Canada,Subsidiary,B2B2C,IBM Cloud,Very High,1988.0,1988-02-19,2024-12-20,46057.0,231415930.94,35.08,25.3,4.0,6495716.97,3947282.33,7.3,2.71,57.62,28.41,16.8,12.0
901709.0,Tech Solutions 16,Enterprise Software,Mumbai,Germany,Private,B2B2C,GCP,Low,1995.0,1995-02-26,2008-10-31,23924.0,178580553.54,5.92,13.53,12.0,24408639.33,2721877.65,89.4,3.21,90.26,41.88,31.53,19.0
576581.0,Vertex Analytics 603,Cybersecurity,Chennai,Australia,Public,Enterprise,AWS,Low,2013.0,2013-09-12,2023-03-21,43692.0,209694006.28,30.16,17.18,19.0,3364245.4,3319423.59,53.0,3.68,79.48,23.3,25.33,17.0
392952.0,Alpha Soft 179,Cloud Services,Mumbai,Australia,Startup,Enterprise,Azure,Medium,2020.0,2020-05-13,2024-09-03,32334.0,154142821.85,15.52,15.09,11.0,12298333.9,3852085.69,65.4,3.46,46.96,55.39,32.01,20.0
346708.0,Next Systems 130,SaaS,Bengaluru,India,Public,B2B,Azure,High,2009.0,2009-08-19,2023-08-29,17652.0,117573214.85,14.4,25.95,8.0,3210805.56,2301720.81,18.2,2.47,71.84,50.99,12.04,24.0
589527.0,Logic Infotech 117,Cybersecurity,Hyderabad,Germany,Startup,B2B2C,Multi-Cloud,Very High,2005.0,2005-08-02,2009-11-11,37834.0,242837902.84,39.3,30.22,18.0,12500827.41,3520347.57,119.0,3.98,59.52,90.17,40.29,24.0
346253.0,Data AI 460,,Mumbai,India,Startup,B2B2C,IBM Cloud,Low,2020.0,2020-05-13,2021-10-22,23315.0,183608956.07,22.27,18.66,11.0,19425621.16,2550800.87,39.8,2.31,50.79,92.77,64.13,11.0
130818.0,Vertex Infotech 608,SaaS,Mumbai,India,Private,B2C,Multi-Cloud,Low,1994.0,1994-10-20,2025-07-16,25981.0,227767244.39,27.7,27.65,11.0,46213659.91,1313269.96,78.0,3.2,22.89,44.14,35.32,13.0
820097.0,Neo Stack 516,E-commerce,Bengaluru,Singapore,Startup,B2B2C,Multi-Cloud,High,2021.0,2021-12-13,2022-03-21,28891.0,210797971.72,13.01,10.46,13.0,24199655.43,1784390.29,71.8,4.16,48.15,53.76,39.25,8.0
749257.0,Blue Systems 745,Cybersecurity,Pune,India,Subsidiary,B2B2C,GCP,Very High,1993.0,1993-07-11,2024-12-22,29242.0,191972022.4,22.29,18.99,3.0,7016211.21,2410436.81,95.3,2.16,27.86,89.77,67.9,10.0
348277.0,Pixel Platforms 470,SaaS,Ahmedabad,Canada,Public,B2C,Multi-Cloud,High,2008.0,2008-04-02,2025-09-23,46592.0,223348080.13,33.45,12.15,12.0,4244596.64,1699230.76,38.8,3.51,90.08,81.8,56.48,8.0
917175.0,Tech Systems 491,SaaS,Hyderabad,UAE,Private,B2C,Azure,Medium,2019.0,2019-08-09,2024-03-05,42570.0,200031988.74,37.27,14.56,3.0,3916118.09,1775663.53,91.9,3.07,36.19,10.33,39.24,20.0
378483.0,Prime Innovations 703,Cybersecurity,Bengaluru,USA,Private,B2B2C,Azure,Medium,2019.0,2019-01-11,2023-05-26,15635.0,168606404.24,35.55,25.66,10.0,3965877.77,1783310.61,49.0,2.13,93.56,38.49,20.62,8.0
429522.0,Neo AI 730,EdTech,Kolkata,Singapore,Public,SME,Azure,Very High,2020.0,2020-05-09,2025-09-23,25609.0,195301071.83,25.29,30.87,17.0,9436944.42,903643.91,52.3,2.65,54.57,47.54,70.79,9.0
877379.0,Fusion Labs 921,Cybersecurity,Delhi,Canada,Public,B2C,AWS,Very High,2002.0,2002-08-28,2007-05-29,40109.0,179872891.87,11.95,4.34,22.0,4771963.52,747034.69,82.4,4.83,63.73,30.44,46.16,7.0
427305.0,Data Apps 623,Enterprise Software,Mumbai,Canada,Private,Enterprise,Azure,Medium,2023.0,2023-04-05,2024-11-03,33792.0,256860481.63,28.45,22.25,2.0,50169892.89,590633.76,95.2,3.61,55.49,27.76,17.69,14.0
944891.0,Innova Labs 130,Enterprise Software,Chennai,Australia,Subsidiary,SME,Multi-Cloud,High,2016.0,2016-12-15,2025-09-06,4183.0,106391448.95,30.4,20.42,17.0,4442866.69,854920.67,81.7,4.99,17.03,13.36,21.53,2.0
928726.0,Next Services 730,Gaming,Hyderabad,USA,Private,B2B2C,GCP,Low,2008.0,2008-06-09,2025-05-07,14713.0,140326163.14,2.43,4.23,16.0,20489575.84,1809199.08,108.5,3.62,39.95,67.26,64.25,11.0
557881.0,Alpha Corp 612,Gaming,Pune,UAE,Private,Enterprise,Multi-Cloud,Low,2007.0,2007-07-20,2022-06-24,21804.0,107428961.02,19.57,7.5,2.0,13563097.52,2834874.4,37.8,3.68,14.22,33.36,3.53,8.0
464356.0,Pixel Platforms 465,Cloud Services,Chennai,Singapore,Private,Enterprise,IBM Cloud,High,2016.0,2016-02-07,2021-12-15,4022.0,122545674.84,35.73,10.95,22.0,4976865.27,1171402.4,108.6,3.24,62.93,14.66,79.37,13.0
839596.0,Pixel Innovations 102,Enterprise Software,Noida,Canada,Startup,B2B,GCP,Medium,2021.0,2021-04-27,2024-04-13,5345.0,152098704.53,21.58,5.93,20.0,12731525.74,4040836.27,20.0,3.0,46.56,30.56,10.43,21.0
549438.0,Neo Services 739,Enterprise Software,Gurugram,India,Public,B2B,IBM Cloud,Very High,1996.0,1996-12-16,2020-03-03,46731.0,203312621.29,14.46,8.61,6.0,1330706.99,3714367.97,80.8,2.83,77.35,81.37,63.69,15.0
528380.0,Cyber Innovations 463,Cybersecurity,Chennai,UK,Startup,B2B,Azure,Medium,1997.0,1997-06-27,2000-07-09,41923.0,249933879.56,36.87,9.44,10.0,18830454.31,2534161.16,68.0,3.1,25.5,85.78,31.58,3.0
799084.0,Blue Innovations 348,HealthTech,Gurugram,USA,Public,B2B,GCP,Medium,2007.0,2007-09-26,2011-07-26,29175.0,157071889.47,8.24,11.82,10.0,16626832.7,3369260.31,61.9,3.43,20.3,52.99,39.38,23.0
311581.0,Fusion Corp 426,E-commerce,Mumbai,UK,Subsidiary,B2B2C,,Medium,2009.0,2009-02-10,2025-11-30,41046.0,269911677.6,10.26,26.25,8.0,53030285.02,1901946.95,40.8,2.66,42.79,47.03,70.45,14.0
136377.0,Neo Apps 438,Cloud Services,Delhi,UK,Private,SME,GCP,Medium,2019.0,2019-09-13,2021-07-09,9953.0,184701783.54,29.49,20.06,1.0,28660534.34,550788.95,62.9,2.75,91.17,97.03,33.03,15.0
545955.0,Alpha Tech 384,FinTech,Chennai,Germany,Subsidiary,SME,IBM Cloud,High,2014.0,2014-09-19,2015-08-26,3070.0,160081196.04,16.1,34.52,13.0,28136699.05,4107764.67,23.6,2.89,71.07,27.85,43.0,2.0
190639.0,Innova AI 69,Cybersecurity,Bengaluru,Germany,Subsidiary,SME,AWS,High,2001.0,2001-03-07,2011-01-02,41805.0,197680640.7,30.52,14.57,24.0,3256805.91,923953.3,47.5,3.4,43.96,29.17,3.94,19.0
977133.0,Data Labs 96,Gaming,Hyderabad,Singapore,Subsidiary,SME,IBM Cloud,High,2004.0,2004-01-08,2005-09-28,20470.0,158402207.64,8.31,26.41,9.0,9303044.01,4286543.12,16.3,3.99,53.11,35.98,0.19,12.0
760234.0,Logic Works 763,Enterprise Software,Hyderabad,UAE,Private,B2B,Multi-Cloud,Medium,2009.0,2009-08-02,2018-01-31,21502.0,246636338.03,12.09,30.51,22.0,82733119.32,2744718.61,70.8,4.58,12.83,25.38,19.58,20.0
983006.0,Vertex Solutions 570,Enterprise Software,Delhi,UAE,Public,SME,Multi-Cloud,Medium,2006.0,2006-12-07,2013-02-22,45698.0,240541544.2,8.27,23.8,10.0,13657333.69,1652808.55,16.0,2.93,96.57,43.76,54.45,4.0
492138.0,Cloud Services 576,Cloud Services,Gurugram,Australia,Private,B2B,Multi-Cloud,Low,1997.0,1997-06-27,2018-10-28,38051.0,303558462.97,40.12,14.47,15.0,47821299.56,2431650.96,23.4,2.63,66.98,91.06,9.7,3.0
999887.0,Alpha Works 421,Cloud Services,Noida,UAE,Public,B2B,Multi-Cloud,High,2003.0,2003-09-13,2018-04-02,9566.0,261076147.85,18.22,26.4,5.0,99568390.33,2456682.22,14.8,3.2,31.54,64.77,9.1,5.0
737523.0,Vertex Innovations 889,SaaS,Chennai,UK,Private,B2B2C,IBM Cloud,Medium,2020.0,2020-02-22,2021-03-04,47377.0,205502286.78,15.49,7.21,22.0,8329815.52,495477.03,48.9,4.69,59.48,46.66,32.88,3.0
489432.0,Cloud Platforms 615,E-commerce,Ahmedabad,Australia,Public,B2C,GCP,High,1996.0,1996-04-12,2018-12-05,49519.0,215173807.34,2.57,11.53,16.0,13814767.88,1857385.39,101.8,2.13,15.18,93.16,51.83,15.0
859545.0,Smart Digital 107,SaaS,Mumbai,Australia,Public,B2B2C,AWS,Medium,2003.0,2003-10-15,2007-12-25,2446.0,104519875.96,8.14,19.18,13.0,10499215.48,3433449.78,109.3,4.07,94.82,14.31,56.97,19.0
609718.0,Bright Infotech 218,Enterprise Software,Pune,India,Public,B2B,Multi-Cloud,Low,1996.0,1996-08-19,2021-09-25,18596.0,158540915.58,18.85,20.18,22.0,4800480.56,2491283.67,13.3,3.48,21.26,28.71,14.28,2.0
515515.0,Innova AI 230,FinTech,Bengaluru,Singapore,Public,B2C,Azure,Low,1993.0,1993-06-12,2001-05-03,19179.0,103805334.14,4.74,0.87,20.0,14877917.69,1401343.48,78.0,2.57,65.27,60.36,6.37,12.0
789917.0,Neo Digital 866,Enterprise Software,Pune,India,Private,B2B,GCP,High,1991.0,1991-05-24,2022-11-25,1641.0,135109814.26,22.43,33.08,18.0,10029796.17,1773950.43,83.7,3.03,27.83,64.78,75.23,5.0
739851.0,Secure Digital 118,Cybersecurity,Hyderabad,Canada,Private,B2C,IBM Cloud,High,2012.0,2012-02-10,2013-08-13,11353.0,98778604.73,20.2,24.41,11.0,1455183.15,3938523.01,66.4,2.75,71.73,13.52,20.85,22.0
683346.0,Next Analytics 827,AI/ML,Hyderabad,USA,Public,B2B2C,GCP,Medium,1998.0,1998-07-02,2006-04-23,30611.0,169933709.79,32.69,17.4,9.0,5741161.8,2554753.65,81.7,4.65,77.24,45.87,68.27,17.0
566648.0,Logic Services 998,Cybersecurity,Gurugram,India,Startup,B2B2C,AWS,Medium,2015.0,2015-10-25,2018-05-27,6233.0,186315245.83,28.39,32.67,16.0,7053388.49,2566243.7,31.9,3.5,67.63,67.77,69.08,14.0
490555.0,Zen Services 27,SaaS,Delhi,India,Public,B2B,Multi-Cloud,Very High,2003.0,2003-04-21,2009-01-18,26622.0,182754202.17,19.84,15.42,2.0,9637533.6,4342016.58,61.3,3.73,62.15,72.13,61.8,22.0
660128.0,Zen Tech 30,Gaming,Gurugram,Canada,Public,B2B2C,IBM Cloud,Low,2000.0,2000-11-07,2013-01-26,34130.0,207495789.69,10.99,34.32,2.0,15338036.64,1715613.74,50.0,3.82,88.0,66.79,13.51,10.0
383873.0,Quantum Tech 720,Enterprise Software,Ahmedabad,Singapore,Startup,B2C,AWS,Medium,1989.0,1989-11-14,2013-01-09,20745.0,129823962.16,31.07,17.98,12.0,8122298.69,2366118.61,15.3,3.95,12.31,38.53,65.74,3.0
429763.0,Smart Apps 360,Cloud Services,Delhi,USA,Startup,B2C,Multi-Cloud,Low,2019.0,2019-01-28,2020-02-06,7364.0,51338128.05,30.31,4.09,8.0,8463561.34,3728025.75,76.9,3.54,35.78,18.32,61.54,4.0
729360.0,Tech Networks 891,EdTech,Mumbai,UAE,Startup,B2C,Multi-Cloud,Very High,1996.0,1996-08-05,2026-01-15,19673.0,142450215.35,8.13,26.79,9.0,13579180.26,3511540.22,61.9,2.15,28.09,48.01,47.74,6.0
877742.0,Innova Corp 72,AI/ML,Ahmedabad,Singapore,Public,B2B,Azure,Very High,2009.0,2009-03-20,2010-03-11,2189.0,184574418.53,38.59,23.79,12.0,6642871.37,1489777.63,36.6,3.07,96.89,21.46,26.98,24.0
290786.0,Innova Soft 94,Cloud Services,Delhi,USA,Startup,B2B,AWS,Very High,2005.0,2005-04-09,2019-08-24,47506.0,257797098.55,4.58,27.08,9.0,28942059.89,1019473.3,59.5,2.63,41.21,94.34,21.0,22.0
406266.0,Pixel Dynamics 386,Enterprise Software,Bengaluru,Australia,Public,SME,Multi-Cloud,Medium,2020.0,2020-05-23,2024-12-23,31340.0,205981418.38,4.2,33.31,10.0,24579447.26,3272888.76,94.2,4.07,73.13,52.29,9.75,16.0
804839.0,Logic Stack 350,AI/ML,Ahmedabad,Canada,Startup,B2B2C,Azure,Medium,2007.0,2007-11-09,2017-07-03,18138.0,152591133.84,9.49,27.2,2.0,7678247.21,1456390.32,97.2,2.26,68.68,38.24,40.78,7.0
295763.0,Quantum Digital 320,Enterprise Software,Chennai,Canada,Startup,B2B2C,Azure,High,2000.0,2000-07-28,2016-08-23,39742.0,196283077.07,38.38,21.44,16.0,1704802.21,4182970.9,79.7,3.74,24.72,78.2,46.82,15.0
654169.0,Alpha Labs 905,HealthTech,Kolkata,UAE,Public,Enterprise,Multi-Cloud,Low,2023.0,2023-08-09,2024-08-11,33180.0,255450987.0,22.8,30.02,20.0,46480841.67,929915.55,58.8,2.71,27.23,54.32,28.75,21.0
976645.0,Cloud Solutions 162,FinTech,Gurugram,India,Subsidiary,Enterprise,AWS,Medium,2023.0,2023-08-10,2025-11-24,32138.0,194643472.38,33.52,23.6,7.0,7846247.83,1705092.32,71.2,4.85,31.16,37.59,38.03,20.0
596509.0,Zen Systems 691,Cloud Services,Kolkata,Germany,Public,Enterprise,GCP,Low,1998.0,1998-09-27,2016-10-24,26342.0,155536097.27,11.11,14.34,2.0,12321975.81,624627.71,49.3,3.07,43.23,82.27,29.08,11.0
346165.0,Data Tech 454,SaaS,Hyderabad,Germany,Subsidiary,B2C,GCP,Medium,2015.0,2015-10-04,2016-01-31,46299.0,237680818.94,21.61,31.01,1.0,3560943.89,3283551.76,19.6,3.04,26.79,87.18,51.28,22.0
992739.0,Logic AI 622,Gaming,Hyderabad,Australia,Startup,B2C,AWS,Medium,1989.0,1989-09-22,2006-10-15,20720.0,212720868.75,16.33,7.84,19.0,61551467.02,4054176.86,49.3,4.78,6.83,69.9,72.1,21.0
152570.0,Fusion Innovations 280,Gaming,Delhi,Singapore,Startup,B2C,Azure,Medium,2019.0,2019-09-21,2023-03-03,3788.0,249556793.58,35.11,25.04,4.0,83215187.11,3007085.56,66.0,3.31,86.78,14.18,13.11,1.0
448845.0,Cyber Infotech 117,HealthTech,Delhi,India,Private,SME,AWS,Medium,2007.0,2007-05-22,2010-06-04,2519.0,149731286.16,2.9,30.87,24.0,23806424.62,4244787.36,73.9,4.89,94.8,60.4,30.51,5.0
211838.0,Vertex Innovations 114,EdTech,Ahmedabad,Germany,Private,SME,,Medium,2013.0,2013-08-03,2021-07-17,22584.0,208227942.0,11.75,25.62,22.0,22145363.32,926866.31,112.6,2.17,36.77,77.93,11.27,13.0
418603.0,Smart AI 540,AI/ML,Bengaluru,India,Public,B2B2C,GCP,Very High,1995.0,1995-05-21,2010-08-02,48924.0,232941973.8,8.1,24.43,2.0,12925703.45,759709.1,94.4,2.99,36.48,22.15,50.0,21.0
806419.0,Smart Systems 226,Cloud Services,Bengaluru,Germany,Private,SME,Azure,Medium,2002.0,2002-05-09,2016-05-27,49758.0,262166376.97,36.37,26.37,14.0,36241780.29,3837492.2,22.5,3.51,5.66,30.35,58.31,14.0
591967.0,Prime Systems 8,Cloud Services,Ahmedabad,UK,Private,Enterprise,GCP,Medium,1996.0,1996-04-05,2020-03-16,9067.0,151401174.49,20.7,16.33,2.0,32785904.92,3907595.82,25.0,4.68,68.26,88.54,74.55,9.0
831439.0,Cyber Platforms 969,AI/ML,Pune,Germany,Subsidiary,B2B2C,AWS,Medium,1993.0,1993-04-02,2020-11-30,2858.0,208688655.77,18.17,30.61,15.0,48468703.94,3807262.06,16.6,2.84,81.77,11.79,22.31,17.0
909127.0,Cyber Solutions 783,E-commerce,Bengaluru,USA,Private,B2B,Azure,Medium,1994.0,1994-07-22,2009-05-03,49188.0,200852323.7,19.98,7.2,12.0,7013855.89,3675756.1,89.9,4.8,18.63,76.99,76.02,15.0
851713.0,Next Platforms 336,HealthTech,Kolkata,UAE,Private,SME,IBM Cloud,Medium,2001.0,2001-11-05,2003-02-22,47688.0,227184003.25,40.88,4.55,5.0,5059398.45,1885136.29,86.2,3.82,19.85,52.17,5.06,21.0
143784.0,Neo Soft 510,Enterprise Software,Chennai,Singapore,Private,Enterprise,Azure,Medium,2022.0,2022-11-16,2024-08-28,12763.0,150460953.55,36.01,10.06,20.0,7609568.27,1291594.54,118.4,4.42,78.48,49.76,48.24,7.0
400885.0,Logic Networks 133,Enterprise Software,Bengaluru,Australia,Private,B2B,IBM Cloud,Very High,1991.0,1991-05-14,2010-02-23,40379.0,227596920.16,30.25,18.65,7.0,7664154.81,4208096.48,65.0,3.25,62.32,10.63,4.57,22.0
153191.0,Prime Services 721,HealthTech,Noida,Canada,Private,B2B,AWS,Very High,1997.0,1997-07-24,1999-08-02,2769.0,120477368.97,13.62,17.92,24.0,12421003.96,1658700.75,100.0,2.72,9.17,82.93,71.5,22.0
615403.0,Blue Infotech 573,Enterprise Software,Hyderabad,Singapore,Private,Enterprise,AWS,Medium,2024.0,2024-10-23,2025-10-20,22940.0,180692222.65,8.61,28.74,21.0,9348733.65,2033471.5,71.3,4.74,62.9,42.02,42.38,12.0
548792.0,Vertex Labs 407,Cybersecurity,Hyderabad,Australia,Public,SME,GCP,Low,1993.0,1993-04-11,2025-12-31,11750.0,196190449.06,38.86,14.22,10.0,27451247.49,3268191.73,105.5,4.81,33.73,58.13,53.55,23.0
580001.0,Cloud Innovations 20,HealthTech,Delhi,UK,Private,Enterprise,,Very High,2011.0,2011-04-22,2023-12-28,36559.0,189689697.57,18.92,17.0,14.0,8523208.58,1602759.93,87.9,3.54,39.29,70.28,66.53,6.0
466458.0,Fusion Labs 883,EdTech,Ahmedabad,Germany,Public,B2B2C,IBM Cloud,High,1986.0,1986-11-26,2011-05-05,42584.0,186555517.27,22.27,0.57,14.0,9223394.95,3758433.91,78.9,2.12,76.59,72.53,12.02,21.0
140785.0,Alpha Innovations 588,FinTech,Pune,USA,Private,B2B2C,Multi-Cloud,High,1989.0,1989-11-12,2012-10-03,36816.0,202351830.93,20.84,14.4,5.0,12073110.23,687141.96,70.0,2.42,80.42,95.08,3.09,16.0
740387.0,Prime Innovations 297,HealthTech,Kolkata,Germany,Private,SME,GCP,Low,2013.0,2013-05-28,2017-10-24,26755.0,224578219.73,38.71,22.71,18.0,18698318.93,3643848.94,88.1,3.76,42.23,57.29,70.31,5.0
981730.0,Neo Corp 22,Gaming,Gurugram,India,Subsidiary,B2C,Multi-Cloud,Medium,2021.0,2021-11-18,2023-01-06,18837.0,115572303.61,17.48,0.64,24.0,4795583.2,2867590.42,53.3,2.17,93.09,45.58,25.19,9.0
937299.0,Alpha Networks 821,Enterprise Software,Kolkata,UK,Startup,B2B2C,GCP,High,2022.0,2022-05-04,2025-08-22,48895.0,231164319.24,24.51,9.9,14.0,3390539.55,2749273.94,16.1,3.25,42.8,94.88,10.32,14.0
690670.0,Zen Stack 852,Cloud Services,Hyderabad,India,Subsidiary,B2B,Azure,Medium,2003.0,2003-03-24,2009-10-19,26638.0,192306434.48,34.12,7.36,2.0,28785198.06,2279345.86,9.6,2.98,76.78,67.15,37.48,8.0
948324.0,Vertex Labs 448,Gaming,Mumbai,Australia,Private,B2C,Multi-Cloud,High,1992.0,1992-12-26,2018-01-29,26173.0,162757461.23,19.09,1.57,12.0,11233198.43,1535886.94,60.1,4.17,50.0,36.54,47.86,14.0
777686.0,Neo Analytics 447,Enterprise Software,Chennai,Singapore,Private,SME,Azure,Low,1985.0,1985-03-22,2005-01-21,33112.0,151111500.82,11.34,16.83,22.0,9506188.81,2302688.17,73.9,2.26,88.47,21.26,2.48,12.0
333918.0,Bright Corp 537,Gaming,Chennai,Canada,Startup,SME,IBM Cloud,High,2006.0,2006-11-03,2011-12-26,10227.0,168605789.16,41.78,6.44,24.0,17362320.2,2245116.9,14.1,3.52,89.42,84.99,21.99,10.0
171658.0,Data Corp 892,Gaming,Mumbai,Australia,Private,B2B2C,AWS,High,2001.0,2001-06-08,2015-10-11,21777.0,145097004.22,40.26,26.03,6.0,6495973.91,2793392.17,38.0,3.78,13.13,42.23,2.62,20.0
548487.0,Smart Apps 227,AI/ML,Noida,Australia,Startup,Enterprise,IBM Cloud,Low,1991.0,1991-07-26,2006-11-11,30270.0,277450647.68,35.74,29.69,4.0,57659389.23,1554454.57,42.0,3.89,92.09,68.78,33.63,20.0
789448.0,Alpha Networks 79,EdTech,Bengaluru,Canada,Public,SME,Multi-Cloud,Medium,2009.0,2009-06-09,2023-02-18,9932.0,176192245.42,29.53,19.14,13.0,22197893.28,718141.89,69.7,3.27,81.77,51.9,71.61,21.0
952226.0,Pixel Works 544,Gaming,Gurugram,USA,Private,Enterprise,GCP,Medium,1988.0,1988-05-15,1995-04-14,1186.0,120257501.96,13.79,34.36,4.0,8508890.95,994866.73,37.0,2.98,78.59,27.7,78.61,13.0
107395.0,Pixel Dynamics 928,SaaS,Gurugram,UK,Startup,B2B2C,Azure,Low,2020.0,2020-08-02,2025-11-10,34882.0,229252790.11,38.54,15.82,22.0,24223541.14,3266627.47,16.0,4.08,23.68,63.55,50.96,19.0
959026.0,Vertex Digital 745,EdTech,Ahmedabad,Singapore,Private,Enterprise,IBM Cloud,Medium,1990.0,1990-11-19,2017-01-11,32016.0,209145514.05,13.02,18.02,14.0,33411252.91,492218.55,24.0,4.56,79.88,15.4,12.93,15.0
809058.0,Innova Analytics 106,Enterprise Software,Ahmedabad,Canada,Private,B2B,Azure,Medium,2015.0,2015-10-03,2021-04-18,7059.0,186332693.28,34.03,34.62,16.0,12915931.98,3911416.48,25.0,4.11,84.06,46.79,72.47,8.0
171050.0,Innova Tech 203,HealthTech,Chennai,Australia,Public,B2C,Multi-Cloud,Very High,2003.0,2003-04-17,2006-09-08,13037.0,114627186.87,38.73,8.18,4.0,6578463.63,3247029.04,101.9,4.8,31.89,58.65,41.3,23.0
848770.0,Quantum Solutions 779,AI/ML,Mumbai,Australia,Private,Enterprise,GCP,Medium,2023.0,2023-11-13,2025-06-26,37361.0,270062275.28,26.12,32.99,24.0,15498343.21,3549154.82,37.7,4.18,93.56,48.81,12.3,21.0
232131.0,Data Networks 975,FinTech,Gurugram,India,Private,SME,Azure,Very High,2011.0,2011-05-14,2013-03-18,31625.0,162578180.37,34.12,1.6,1.0,3794636.19,3827536.24,87.2,4.32,9.64,76.63,73.74,10.0
622865.0,Global Stack 773,Cybersecurity,Ahmedabad,Canada,Private,B2B,Multi-Cloud,High,1994.0,1994-03-05,2003-12-26,1057.0,135259894.46,33.67,15.68,13.0,14562650.96,903112.82,70.3,2.59,18.94,83.69,60.6,3.0
309955.0,Bright Stack 698,AI/ML,Pune,India,Startup,B2B,Azure,Very High,2010.0,2010-06-14,2023-10-09,5495.0,87635342.77,9.73,2.54,4.0,2377744.93,3772049.47,117.4,3.32,55.0,78.64,58.54,21.0
204632.0,Bright Apps 885,Enterprise Software,Hyderabad,Canada,Subsidiary,B2B2C,GCP,Low,2003.0,2003-08-05,2011-02-04,10756.0,150017614.61,28.72,25.55,20.0,1914184.08,2469033.99,36.4,3.51,58.55,13.45,56.73,3.0
603212.0,Alpha Solutions 451,Gaming,Kolkata,Singapore,Private,Enterprise,GCP,Medium,2023.0,2023-12-06,2026-03-08,47567.0,290017456.17,5.74,21.33,18.0,40183424.2,4030647.74,23.2,2.84,65.0,27.28,16.03,5.0
192839.0,Data AI 453,Cloud Services,Mumbai,UAE,Public,B2B2C,IBM Cloud,High,1987.0,1987-02-16,2004-12-02,44536.0,201393365.15,22.31,24.76,6.0,3270250.65,4035005.06,11.0,3.63,6.58,57.76,16.88,16.0
189765.0,Smart Tech 606,AI/ML,Noida,Canada,Public,Enterprise,Multi-Cloud,Medium,1997.0,1997-11-06,2012-01-22,29307.0,276059061.76,8.49,13.17,3.0,88356754.31,499129.98,32.7,2.94,94.31,93.2,55.06,17.0
417598.0,Cloud Digital 520,Cloud Services,Pune,Germany,Public,B2B2C,IBM Cloud,High,2012.0,2012-11-02,2013-02-08,21786.0,236013751.53,18.65,12.99,23.0,76549874.41,1969747.38,83.7,4.09,9.15,84.31,17.58,6.0
708886.0,Data Platforms 473,Cybersecurity,Pune,USA,Public,B2B,IBM Cloud,Low,2004.0,2004-08-09,2009-09-12,42257.0,203325240.53,35.32,1.68,13.0,22760116.51,2558235.06,14.8,3.46,18.3,84.99,35.09,20.0
225390.0,Fusion Systems 59,FinTech,Chennai,Singapore,Startup,Enterprise,IBM Cloud,High,2012.0,2012-03-19,2016-07-21,13331.0,121289718.59,41.49,12.31,16.0,8666076.38,3181276.37,33.1,3.43,6.3,36.99,62.56,20.0
463954.0,Vertex Platforms 79,SaaS,Kolkata,Singapore,Subsidiary,B2C,AWS,Medium,1992.0,1992-08-26,1996-12-13,1485.0,131094388.26,14.72,32.53,5.0,25917578.08,1573363.61,103.4,4.95,57.72,48.22,62.72,16.0
295850.0,Data Infotech 394,FinTech,Delhi,USA,Subsidiary,B2C,GCP,Medium,2023.0,2023-03-20,2025-03-20,33389.0,191491946.74,23.28,13.34,4.0,10960247.5,1433783.27,72.0,3.24,91.7,51.89,36.26,24.0
916007.0,Fusion Services 978,HealthTech,Bengaluru,India,Private,B2B2C,Multi-Cloud,Low,1985.0,1985-11-14,2008-02-05,35200.0,244012101.21,22.45,29.11,21.0,24300687.11,1963189.45,13.0,3.15,66.93,24.01,63.38,2.0
468193.0,Cloud Stack 931,SaaS,Noida,Germany,Private,B2B,Azure,Low,1987.0,1987-07-16,2007-03-13,25871.0,207123915.02,40.18,29.5,8.0,9567586.7,2453848.64,10.5,3.02,81.51,12.77,67.09,20.0
257775.0,Bright Dynamics 330,SaaS,Gurugram,India,Startup,Enterprise,GCP,High,1997.0,1997-01-02,2021-12-11,26710.0,195060562.77,21.14,13.13,19.0,36888115.71,4299699.55,12.0,4.69,6.24,94.27,52.38,15.0
423270.0,Zen AI 514,Gaming,Mumbai,Australia,Private,SME,Multi-Cloud,Low,2012.0,2012-04-24,2021-05-15,5134.0,180285015.3,29.96,22.16,14.0,31251594.45,3524644.71,113.3,3.54,55.41,31.42,18.27,18.0
798854.0,Innova Systems 462,Enterprise Software,Ahmedabad,Canada,Private,Enterprise,Multi-Cloud,Low,2009.0,2009-01-11,2021-11-29,16711.0,146744891.23,38.87,3.43,7.0,7677310.23,2160216.78,102.7,3.84,47.74,31.36,21.92,1.0
365775.0,Neo Apps 732,Cybersecurity,Noida,Australia,Subsidiary,SME,GCP,High,2017.0,2017-04-01,2025-08-03,13557.0,109057438.15,16.94,3.72,14.0,10743096.55,622901.33,102.2,2.62,51.4,17.42,25.19,19.0
944137.0,Data Infotech 662,EdTech,Noida,UK,Private,Enterprise,IBM Cloud,High,2022.0,2022-01-21,2024-05-24,7109.0,93379005.44,38.08,1.8,6.0,1607615.71,1090934.43,111.3,3.67,11.72,92.64,9.34,12.0
100197.0,Quantum Systems 254,EdTech,Hyderabad,Australia,Private,B2B2C,GCP,High,1990.0,1990-04-23,2006-06-12,18321.0,279967415.91,38.7,20.38,12.0,73502362.11,2269290.14,63.1,2.9,68.65,61.6,21.85,8.0
340142.0,Fusion Stack 537,Gaming,Bengaluru,Canada,Subsidiary,B2B,Azure,Medium,2016.0,2016-05-05,2018-02-25,45589.0,238146142.55,39.23,14.97,16.0,3566110.85,3736686.19,33.4,4.22,51.8,69.37,16.76,6.0
784960.0,Pixel Networks 373,HealthTech,Bengaluru,Canada,Private,B2B,AWS,Medium,2005.0,2005-07-17,2019-03-16,7541.0,118255938.85,12.82,19.23,17.0,8596898.46,1960851.7,51.2,4.51,76.16,91.13,36.43,12.0
621016.0,Vertex Platforms 397,HealthTech,Bengaluru,Canada,Private,SME,GCP,Low,2000.0,2000-05-06,2003-12-06,47345.0,240852434.08,18.01,18.29,13.0,26773651.16,2607836.27,87.7,4.17,50.13,40.76,72.68,7.0
182642.0,Logic Apps 696,EdTech,Pune,Germany,Startup,Enterprise,AWS,Very High,2005.0,2005-01-10,2012-07-10,14909.0,176991026.09,36.82,12.32,23.0,20231238.98,4056400.03,105.7,4.22,18.89,65.31,8.36,18.0
830739.0,Zen Systems 809,E-commerce,Chennai,Australia,Private,B2C,Multi-Cloud,High,1995.0,1995-08-24,2019-05-04,8123.0,130525210.72,16.37,23.74,14.0,21003988.45,4146564.66,55.0,3.59,65.29,13.45,57.62,22.0
978669.0,Alpha Labs 338,AI/ML,Delhi,Germany,Private,B2C,Multi-Cloud,Medium,2021.0,2021-10-17,2023-11-23,9127.0,134002766.55,26.01,26.57,7.0,9859300.5,1284677.49,66.6,4.17,21.03,26.62,54.98,14.0
199102.0,Neo Services 695,Cloud Services,Gurugram,Australia,Startup,B2C,Azure,High,2020.0,2020-07-22,2021-10-02,21003.0,114621192.81,6.72,0.61,14.0,8819711.5,578739.18,112.2,3.33,86.13,83.98,7.66,8.0
558535.0,Prime Platforms 259,HealthTech,Bengaluru,India,Public,B2B,AWS,High,2019.0,2019-06-16,2024-01-11,11433.0,129183802.4,4.25,7.33,15.0,3619204.09,1652183.18,17.4,3.99,62.02,78.24,73.81,24.0
859998.0,Zen Solutions 342,Enterprise Software,Gurugram,USA,Private,B2B2C,Multi-Cloud,High,2003.0,2003-04-06,2025-04-06,49196.0,249889189.97,18.48,24.99,12.0,14011763.13,3252789.49,104.2,2.85,19.62,41.21,45.48,20.0
688733.0,Data Solutions 939,AI/ML,Pune,Canada,Public,Enterprise,IBM Cloud,High,2004.0,2004-07-01,2010-02-15,2403.0,115248580.23,25.16,13.59,17.0,2187269.92,4299560.02,23.3,2.3,94.5,43.54,29.1,22.0
961268.0,Vertex Platforms 991,EdTech,Bengaluru,Australia,Private,SME,AWS,High,2002.0,2002-04-24,2008-11-19,23871.0,185261356.19,17.71,23.22,9.0,15829703.2,715831.2,60.6,3.3,53.21,57.49,60.52,14.0
195510.0,Prime Solutions 610,FinTech,Chennai,Australia,Private,B2B,IBM Cloud,High,1998.0,1998-04-24,1999-12-26,37617.0,214908056.38,25.11,12.21,22.0,61977912.11,516783.62,30.1,3.44,11.78,10.02,20.59,5.0
212551.0,Data Platforms 573,E-commerce,Bengaluru,Canada,Subsidiary,B2B,Azure,High,1999.0,1999-10-17,2007-07-31,49888.0,201713309.81,22.6,13.74,15.0,5022615.59,4025003.57,74.3,2.84,63.3,31.47,55.48,9.0
627288.0,Prime Apps 833,E-commerce,Bengaluru,Canada,Subsidiary,B2B,AWS,Very High,2015.0,2015-02-12,2023-12-22,24910.0,142742652.51,29.43,5.64,12.0,9155710.74,3467395.6,69.2,4.21,28.55,28.53,3.18,8.0
867397.0,Innova Infotech 96,Enterprise Software,Kolkata,Canada,Subsidiary,B2B,Azure,High,1985.0,1985-11-26,1991-09-05,21245.0,128516728.79,27.98,9.11,2.0,6341228.88,4468219.17,48.7,2.31,79.74,32.29,67.15,2.0
324271.0,Logic Infotech 371,HealthTech,Noida,Canada,Startup,B2C,Azure,High,1987.0,1987-07-21,2001-06-22,11989.0,168397090.3,18.97,21.23,5.0,13447272.05,2026850.81,104.3,2.75,81.06,81.73,35.85,16.0
618170.0,Tech Digital 317,SaaS,Kolkata,Australia,Public,SME,AWS,Medium,2000.0,2000-09-20,2003-03-08,25388.0,212932235.84,19.0,15.22,13.0,13974069.16,2105808.71,80.9,3.51,96.04,34.89,50.94,13.0
402867.0,Quantum Dynamics 350,Cybersecurity,Mumbai,India,Private,Enterprise,AWS,Medium,2007.0,2007-10-02,2022-11-05,21780.0,166027267.22,7.63,27.12,20.0,26200845.19,1106478.53,87.9,3.37,51.67,27.05,17.7,7.0
797162.0,Global Dynamics 232,Gaming,Bengaluru,Singapore,Startup,B2C,Azure,High,1995.0,1995-02-21,1996-11-19,21477.0,183755432.33,22.53,29.86,23.0,14454897.23,874973.33,22.3,4.15,47.31,54.88,54.17,16.0
731719.0,Innova Solutions 80,AI/ML,Gurugram,USA,Private,SME,AWS,Low,1996.0,1996-01-23,2002-03-13,35246.0,226891184.66,25.49,19.0,8.0,16657992.31,2772743.84,106.6,3.75,75.07,87.04,61.78,7.0
325352.0,Smart Works 520,HealthTech,Mumbai,USA,Private,SME,GCP,Medium,1994.0,1994-07-15,2012-01-22,27133.0,213174759.41,21.06,26.56,14.0,18838840.43,1893568.51,24.2,4.86,17.32,31.48,37.86,14.0
622658.0,Secure Infotech 39,HealthTech,Pune,Australia,Public,SME,GCP,Medium,2016.0,2016-02-18,2019-11-02,21560.0,128486946.7,15.03,10.81,15.0,15688070.49,729297.44,30.6,3.83,55.86,16.99,49.42,14.0
217282.0,Alpha Solutions 612,FinTech,Mumbai,Singapore,Private,B2B2C,AWS,Low,2000.0,2000-08-23,2007-11-14,44114.0,334172605.98,30.87,14.58,11.0,91400478.22,4036646.99,19.7,2.14,55.8,41.72,36.51,12.0
775662.0,Prime Solutions 167,Cloud Services,Pune,USA,Public,Enterprise,AWS,Low,1992.0,1992-04-23,2023-10-06,7863.0,139161475.88,4.99,24.98,1.0,11824906.55,1213261.52,55.6,3.12,13.32,76.54,71.53,1.0
968961.0,Quantum Networks 739,HealthTech,Kolkata,USA,Private,SME,AWS,High,2022.0,2022-11-01,2024-09-08,31648.0,294356544.63,38.58,13.58,21.0,94359724.73,3469195.82,107.1,2.51,43.87,59.01,39.83,1.0
825420.0,Fusion Systems 421,E-commerce,Gurugram,India,Subsidiary,B2B2C,GCP,Medium,1996.0,1996-07-22,2001-07-13,47232.0,195921878.67,2.83,20.64,3.0,9219598.33,1557137.24,34.0,4.78,84.36,82.69,67.34,12.0
426736.0,Vertex Analytics 993,HealthTech,Bengaluru,India,Startup,B2B,Multi-Cloud,Medium,2008.0,2008-11-17,2015-01-21,27620.0,212412136.29,40.49,6.57,17.0,19272147.03,3732909.81,48.0,2.4,84.62,95.4,64.11,20.0
569058.0,Fusion Platforms 771,SaaS,Hyderabad,UAE,Public,SME,AWS,Very High,2012.0,2012-10-20,2016-01-29,27132.0,183487300.11,20.49,21.03,19.0,17159556.34,885427.05,102.3,3.22,14.23,80.55,32.84,21.0
901430.0,Fusion Analytics 547,Gaming,Chennai,USA,Public,B2B2C,AWS,High,1992.0,1992-07-27,1997-09-15,29291.0,216355923.45,18.51,30.17,14.0,19841120.12,3499893.6,76.0,2.76,13.44,63.74,18.41,15.0
879345.0,Blue Platforms 989,Enterprise Software,Mumbai,Canada,Startup,SME,GCP,Medium,2012.0,2012-09-24,2015-08-23,30728.0,207935019.6,12.26,30.42,22.0,15609462.92,802287.38,91.4,4.56,29.43,53.91,32.49,4.0
321100.0,Global Dynamics 377,HealthTech,,UAE,Private,B2B2C,AWS,Very High,2020.0,2020-05-04,2025-05-27,44619.0,184440611.62,2.4,25.38,23.0,5361327.21,2232354.73,29.6,2.99,86.35,13.57,66.1,7.0
978470.0,Bright Stack 473,HealthTech,Chennai,UK,Subsidiary,Enterprise,Multi-Cloud,Medium,2010.0,2010-02-16,2015-06-16,11795.0,144990243.7,12.99,26.13,8.0,7554998.35,3409417.84,87.4,4.98,16.99,97.6,18.21,16.0
509410.0,Smart Corp 515,Cybersecurity,Ahmedabad,UAE,Private,B2B,GCP,Medium,1992.0,1992-10-07,2004-10-18,26079.0,158497638.01,6.38,19.57,13.0,12235015.75,1110195.36,31.2,3.51,71.96,44.13,41.95,3.0
152580.0,Pixel Innovations 990,FinTech,Chennai,USA,Public,SME,GCP,Medium,2012.0,2012-09-07,2021-01-11,13075.0,162484085.0,28.39,20.5,20.0,9175088.83,1571226.45,118.5,2.47,14.41,23.55,64.49,7.0
161185.0,Quantum Dynamics 821,Cybersecurity,Chennai,Germany,Startup,B2C,Multi-Cloud,Medium,2012.0,2012-12-14,2019-08-17,36174.0,190605452.51,14.76,4.76,3.0,32296849.33,3945544.67,69.4,2.75,62.95,69.34,28.28,24.0
555289.0,Zen Solutions 894,Gaming,Gurugram,Australia,Public,B2B2C,Azure,Very High,2021.0,2021-03-02,2025-01-27,14338.0,131155589.56,32.69,15.59,5.0,11034591.46,4028989.22,85.0,4.45,38.11,35.3,51.38,22.0
311979.0,Next Systems 657,FinTech,Chennai,Germany,Public,B2B,Azure,Medium,2020.0,2020-08-07,2024-11-10,23700.0,195049750.13,10.28,15.83,9.0,29079221.26,584235.36,18.6,4.65,78.37,62.13,19.65,6.0
686431.0,Global Digital 568,AI/ML,Bengaluru,Singapore,Public,B2B2C,GCP,Medium,2011.0,2011-08-11,2017-04-05,6590.0,191456540.11,38.01,33.55,6.0,25364198.48,1089171.4,33.8,2.31,26.73,62.22,8.74,16.0
751246.0,Neo Infotech 872,Cloud Services,Pune,Singapore,Public,B2B2C,Multi-Cloud,High,2001.0,2001-01-01,2005-12-29,32282.0,244902459.46,22.92,15.14,22.0,39061762.28,881634.96,21.1,2.19,64.45,49.67,63.55,24.0
275285.0,Neo Platforms 86,FinTech,Hyderabad,Singapore,Public,B2B,GCP,Low,1993.0,1993-02-27,2019-10-03,16472.0,97641289.33,6.58,19.27,2.0,7509498.44,1136741.69,49.9,4.26,26.92,84.41,7.92,8.0
584122.0,Quantum Tech 461,Cybersecurity,Noida,Singapore,Subsidiary,B2C,AWS,High,2017.0,2017-11-16,2019-09-03,3392.0,156518682.53,18.03,18.71,13.0,31338865.87,4377769.67,37.7,2.49,71.37,33.58,21.71,23.0
288781.0,Pixel Solutions 851,AI/ML,Pune,Canada,Private,B2B,Azure,Medium,2004.0,2004-02-25,2016-06-23,41896.0,188540846.14,10.27,22.32,5.0,6678599.23,2661786.52,89.3,2.49,86.25,49.93,68.41,22.0
283615.0,Logic Labs 970,SaaS,Ahmedabad,Germany,Private,B2B2C,Multi-Cloud,Low,1997.0,1997-02-24,2002-07-18,35662.0,191701187.04,9.99,26.21,8.0,12829012.32,2319260.8,17.5,2.16,16.79,57.85,27.72,6.0
128771.0,Blue Stack 906,Gaming,Gurugram,Singapore,Subsidiary,B2C,IBM Cloud,Medium,2012.0,2012-05-21,2018-03-09,10446.0,152203736.75,22.25,7.95,23.0,31129038.76,4436316.23,91.5,2.24,85.59,69.06,77.84,10.0
802529.0,Vertex Soft 425,SaaS,Ahmedabad,India,Private,B2C,Azure,High,2013.0,2013-08-10,2019-12-04,17532.0,237458298.75,28.88,18.55,1.0,60516181.45,2683520.13,10.3,2.86,60.2,79.77,78.38,16.0
723129.0,Cloud Corp 515,SaaS,Chennai,Germany,Public,B2B2C,GCP,Low,1997.0,1997-08-02,2002-06-24,23461.0,179440186.07,38.46,28.92,20.0,6006750.89,3110583.5,28.2,2.29,16.82,45.14,21.46,11.0
845702.0,Vertex Analytics 396,EdTech,Chennai,USA,Startup,B2B2C,AWS,Medium,2019.0,2019-03-28,2020-06-10,46816.0,207269084.4,22.09,16.26,12.0,13169465.87,1764359.24,96.1,3.17,44.76,67.5,3.28,13.0
928811.0,Data Digital 230,Cybersecurity,Bengaluru,Canada,Startup,B2B,Azure,Medium,1990.0,1990-05-12,2021-05-11,13311.0,166126637.68,40.63,9.82,23.0,16830628.27,1966670.94,90.4,4.52,19.96,23.4,56.41,6.0
215484.0,Tech Apps 954,Enterprise Software,Bengaluru,UAE,Public,B2C,GCP,Medium,2002.0,2002-06-14,2008-03-13,3143.0,158375159.05,39.67,22.95,11.0,4952710.52,2837078.47,59.8,3.05,70.13,93.01,36.08,24.0
846417.0,Neo Apps 811,Enterprise Software,Delhi,UAE,Private,B2C,AWS,High,1989.0,1989-02-28,2024-01-05,11772.0,175272598.67,36.6,28.85,7.0,18800709.06,686121.71,10.7,4.21,75.57,44.09,8.06,1.0
620306.0,Innova Solutions 40,SaaS,Hyderabad,Germany,Private,Enterprise,Multi-Cloud,Very High,2009.0,2009-01-01,2013-02-07,22092.0,221441163.57,22.0,2.3,15.0,53859952.51,1449119.83,75.1,2.37,14.84,74.93,56.6,21.0
846836.0,Smart AI 713,AI/ML,Pune,Australia,Private,Enterprise,IBM Cloud,High,1986.0,1986-11-21,1997-08-25,44463.0,203247408.99,7.64,27.21,22.0,5956694.38,1206928.17,51.8,4.01,52.07,11.81,2.49,19.0
563077.0,Innova AI 460,Cybersecurity,Noida,India,Private,Enterprise,IBM Cloud,Low,1994.0,1994-06-12,2014-08-20,47901.0,243978492.82,10.72,28.78,24.0,9365864.47,465162.91,41.4,3.02,80.76,28.26,69.62,12.0
945620.0,Zen Soft 928,HealthTech,Kolkata,Canada,Startup,B2C,GCP,High,2014.0,2014-10-09,2017-01-31,28137.0,194552854.72,27.91,16.21,11.0,6534088.47,2601295.21,78.6,4.27,92.06,53.35,11.09,24.0
706574.0,Data Soft 263,Cloud Services,Pune,Canada,Subsidiary,B2B,IBM Cloud,High,1989.0,1989-06-27,2005-05-17,32397.0,212458079.52,18.87,34.42,22.0,4912278.55,2700316.64,55.2,2.5,52.76,88.16,10.18,6.0
539024.0,Cyber Solutions 562,Gaming,Bengaluru,Australia,Subsidiary,B2B,GCP,Medium,2017.0,2017-03-04,2022-06-30,33806.0,291758028.96,7.87,27.56,16.0,65475022.38,1974150.81,15.6,4.7,93.38,56.93,14.05,18.0
319417.0,Zen Infotech 434,E-commerce,Chennai,Australia,Subsidiary,B2B2C,Azure,Medium,1985.0,1985-07-15,2002-03-12,39264.0,207378943.41,21.16,27.1,3.0,5537741.3,1501782.62,110.3,2.8,54.82,92.76,76.82,13.0
603312.0,Neo Platforms 244,FinTech,Chennai,USA,Private,Enterprise,Multi-Cloud,High,2002.0,2002-07-23,2024-06-14,16385.0,145835395.93,2.7,26.2,20.0,14154724.79,3073445.49,94.5,3.12,41.66,53.06,55.45,7.0
182306.0,Smart Works 49,SaaS,Ahmedabad,UK,Private,B2C,IBM Cloud,Medium,2016.0,2016-07-21,2025-12-09,28652.0,233464554.13,31.36,5.36,14.0,30398835.08,952102.56,11.5,4.86,83.88,53.65,64.11,23.0
564128.0,Blue Innovations 655,HealthTech,Ahmedabad,Singapore,Subsidiary,B2C,GCP,High,1995.0,1995-03-04,2001-12-11,48951.0,166484879.19,4.94,7.68,3.0,13103529.77,2526321.63,65.4,3.78,50.85,20.66,31.81,13.0
712084.0,Zen Stack 65,EdTech,Ahmedabad,Canada,Private,B2B,AWS,Low,2005.0,2005-12-24,2007-04-26,34500.0,153508256.81,27.16,16.29,1.0,8395720.76,3549103.34,14.6,3.16,48.89,81.44,26.91,21.0
695559.0,Neo AI 612,Cloud Services,Noida,Germany,Startup,SME,IBM Cloud,Very High,2010.0,2010-03-04,2020-05-01,32246.0,210356615.75,33.72,9.31,21.0,4359982.7,1073621.73,101.3,4.85,50.6,31.98,18.76,8.0
221029.0,Secure Soft 648,Cloud Services,Kolkata,Germany,Public,B2B,GCP,Medium,2009.0,2009-10-16,2022-10-05,5676.0,163538326.18,7.31,14.59,15.0,7247417.11,3488364.11,75.5,3.05,83.75,90.07,38.45,21.0
682565.0,Pixel Analytics 736,AI/ML,Delhi,UK,Startup,B2C,Multi-Cloud,Low,2006.0,2006-11-15,2011-01-24,7474.0,158296365.9,22.75,31.11,1.0,13941228.57,3519257.49,24.8,2.38,82.37,91.06,44.15,17.0
407432.0,Innova Platforms 440,Cloud Services,Bengaluru,UK,Subsidiary,Enterprise,Multi-Cloud,Medium,2011.0,2011-10-13,2020-01-16,12907.0,170591227.34,33.16,28.87,17.0,23321949.63,645699.26,7.4,4.99,42.53,93.95,50.54,9.0
295999.0,Tech Digital 247,AI/ML,Hyderabad,USA,Private,SME,AWS,Medium,1997.0,1997-10-01,2003-11-11,44973.0,203651204.54,12.43,22.09,2.0,14247510.34,477015.74,8.6,2.88,36.0,56.3,20.57,20.0
618689.0,Bright Innovations 192,Enterprise Software,Ahmedabad,USA,Private,B2C,AWS,Medium,2017.0,2017-08-16,2019-04-08,20032.0,162180586.99,8.52,30.05,20.0,4057137.67,4393135.16,63.3,4.57,50.75,70.26,75.89,13.0
524679.0,Data Infotech 999,FinTech,Gurugram,Canada,Public,Enterprise,AWS,Medium,2018.0,2018-07-15,2019-07-08,11475.0,148189694.01,15.47,27.45,6.0,10972889.41,1192868.9,89.5,2.58,58.27,79.29,13.58,2.0
813683.0,Vertex Labs 977,AI/ML,Chennai,UAE,Startup,B2B2C,Multi-Cloud,High,2019.0,2019-02-09,2023-07-11,2030.0,82803826.3,24.19,15.07,8.0,13248721.17,3770770.76,18.9,4.22,27.17,21.66,77.25,4.0
705206.0,Pixel Services 520,AI/ML,Ahmedabad,Australia,Startup,B2B,GCP,Medium,1985.0,1985-01-23,2020-05-30,48340.0,229539206.96,25.01,7.12,16.0,3016592.7,2703587.68,30.4,3.62,78.84,63.49,1.19,2.0
215775.0,Pixel Services 21,Cloud Services,Gurugram,Germany,Startup,Enterprise,GCP,Medium,2005.0,2005-09-25,2022-09-05,26481.0,173533151.66,7.24,18.05,19.0,17079056.18,1484335.85,42.6,4.94,50.24,13.05,38.49,4.0
320345.0,Prime AI 45,Cloud Services,Pune,Australia,Subsidiary,B2B,IBM Cloud,High,1990.0,1990-10-24,2016-05-06,19490.0,118884306.58,20.3,25.79,1.0,1387786.22,932878.79,30.1,3.7,36.07,54.28,26.67,18.0
722535.0,Prime Digital 260,SaaS,Bengaluru,UK,Private,B2B2C,AWS,Medium,2012.0,2012-04-22,2020-08-03,41802.0,178980468.29,12.73,15.33,3.0,6867648.83,2436376.82,50.0,2.17,14.93,23.78,35.93,5.0
914408.0,Tech Digital 808,Cloud Services,,India,Startup,B2B2C,GCP,Medium,2001.0,2001-09-17,2006-04-10,17225.0,199319317.61,35.68,23.37,3.0,18651557.93,2070154.73,69.4,3.85,27.21,26.28,45.65,19.0
236877.0,Data Digital 247,Cloud Services,Gurugram,Australia,Subsidiary,SME,AWS,High,1989.0,1989-07-22,2022-08-06,48701.0,205467261.47,14.54,3.39,5.0,10095927.99,3265432.95,83.8,2.52,93.28,42.49,34.85,10.0
142831.0,Neo Apps 137,HealthTech,Mumbai,UK,Subsidiary,SME,GCP,Medium,2015.0,2015-04-16,2019-11-17,25920.5,179618907.4,35.55,26.21,12.0,2584953.64,4107091.05,115.8,4.42,33.37,48.49,33.19,18.0
964099.0,Cloud Digital 560,EdTech,Kolkata,UAE,Public,B2B2C,Azure,High,1989.0,1989-11-22,2018-10-09,38208.0,200293316.93,19.14,28.46,12.0,4268474.08,3701517.16,112.0,4.58,20.7,65.46,58.62,21.0
243468.0,Alpha Networks 851,E-commerce,Mumbai,Singapore,Private,Enterprise,Multi-Cloud,Medium,2022.0,2022-07-05,2026-02-17,23069.0,226644414.7,31.06,24.77,20.0,33733732.62,1525253.41,70.6,3.5,47.84,16.62,54.87,10.0
261018.0,Fusion AI 647,Cloud Services,Chennai,Germany,Private,B2C,Azure,Medium,1987.0,1987-10-02,1990-07-10,18689.0,154795155.7,22.4,33.86,13.0,14009574.34,4003626.2,89.4,4.37,33.56,54.83,66.66,5.0
577543.0,Quantum Solutions 65,Cloud Services,Pune,Germany,Startup,SME,Azure,Medium,2007.0,2007-11-06,2019-05-04,20044.0,207780304.2,26.88,28.95,20.0,36289091.6,3816904.39,114.4,2.52,8.27,26.25,20.0,17.0
583313.0,Fusion Systems 301,E-commerce,Pune,UAE,Private,SME,Multi-Cloud,High,2021.0,2021-08-28,2024-10-12,34425.0,209811152.59,17.81,31.62,9.0,18203383.69,4209458.56,14.6,3.53,35.05,61.08,48.76,22.0
510338.0,Cyber Systems 811,Cloud Services,Delhi,USA,Public,Enterprise,IBM Cloud,Very High,2021.0,2021-03-03,2026-03-19,21613.0,221670793.5,32.73,32.68,7.0,5444570.47,2280509.37,5.6,3.24,55.6,66.73,46.82,13.0
116297.0,Cyber Systems 324,HealthTech,Hyderabad,Australia,Private,SME,Multi-Cloud,Medium,1994.0,1994-08-11,2005-10-21,39391.0,232224522.61,19.01,28.07,4.0,25255642.7,3551158.21,8.4,3.87,56.31,59.55,29.58,23.0
183159.0,Smart Infotech 408,AI/ML,Bengaluru,USA,Startup,B2C,IBM Cloud,High,1994.0,1994-06-09,1997-04-04,5826.0,156575206.59,20.3,23.63,19.0,1834616.97,2825798.07,69.8,2.23,38.16,75.71,38.88,17.0
106403.0,Secure AI 260,Gaming,Chennai,Australia,Private,Enterprise,Azure,Medium,2003.0,2003-09-08,2016-05-06,36494.0,148854941.4,22.71,0.3,22.0,1384736.04,1673061.29,92.7,4.28,46.6,39.87,25.1,9.0
979745.0,Cloud Dynamics 293,E-commerce,Kolkata,Canada,Startup,Enterprise,,High,2001.0,2001-11-13,2020-02-03,3430.0,158721793.78,35.27,16.36,19.0,3432585.7,4477167.11,47.2,2.33,94.79,78.09,11.35,24.0
134939.0,Vertex Systems 887,Gaming,Mumbai,USA,Private,B2B,Azure,High,2005.0,2005-04-03,2016-04-18,8761.0,134925802.01,28.38,20.03,6.0,7358998.59,557060.61,67.7,4.0,40.09,48.52,17.1,12.0
710919.0,Alpha Tech 128,Enterprise Software,Chennai,UK,Public,B2B,Multi-Cloud,Medium,1998.0,1998-08-26,2024-09-14,8832.0,89378206.27,15.97,10.71,13.0,5088239.53,1065317.55,64.4,2.15,29.02,53.09,8.44,14.0
330014.0,Vertex Innovations 911,SaaS,Gurugram,Australia,Public,Enterprise,GCP,Very High,1993.0,1993-08-03,2016-05-11,17484.0,155365604.49,28.81,11.2,11.0,14032287.93,4059423.69,15.9,4.51,27.64,67.68,54.65,14.0
469679.0,Prime Stack 917,Gaming,Bengaluru,Australia,Subsidiary,B2B,AWS,Medium,1985.0,1985-08-11,,46815.0,270797337.45,27.7,33.64,13.0,15631212.22,648307.66,42.0,2.61,47.57,11.63,52.86,8.0
170457.0,Prime Apps 998,Enterprise Software,Hyderabad,India,Public,B2C,Multi-Cloud,Very High,1997.0,1997-08-24,1998-10-19,20067.0,270669227.26,39.24,31.22,13.0,57989197.41,4035964.74,7.2,3.59,75.64,68.21,76.05,23.0
382978.0,Quantum AI 709,Gaming,Pune,Germany,Private,Enterprise,GCP,High,1988.0,1988-02-13,2008-06-30,30757.0,188172770.89,35.66,29.74,22.0,4787284.68,3332408.05,17.7,2.86,24.16,65.05,58.37,5.0
910039.0,Global Digital 947,FinTech,Chennai,UAE,Private,B2B,IBM Cloud,Medium,1985.0,1985-01-18,2014-08-19,39160.0,249309545.51,27.9,14.27,20.0,34689214.46,550404.42,98.4,4.2,70.96,37.58,4.16,19.0
915243.0,Pixel Tech 821,E-commerce,Ahmedabad,UK,Public,SME,IBM Cloud,High,2024.0,2024-01-27,2025-02-16,17393.0,80208666.06,15.66,0.58,15.0,5114285.99,2160212.18,100.4,3.03,6.97,17.64,70.74,14.0
189167.0,Data Innovations 81,EdTech,Gurugram,Germany,Startup,B2B2C,GCP,Very High,2016.0,2016-10-20,2024-02-25,38877.0,176213330.37,33.18,2.9,21.0,2195779.43,3493333.05,97.2,4.2,43.96,18.09,69.01,9.0
602173.0,Logic Networks 559,EdTech,Delhi,UAE,Private,Enterprise,Multi-Cloud,High,2018.0,2018-05-17,2025-04-22,41702.0,225827639.01,25.01,11.0,13.0,12707790.84,2790711.17,88.6,2.93,77.16,92.17,35.47,7.0
577675.0,Smart Apps 106,FinTech,Hyderabad,Germany,Private,Enterprise,AWS,High,2012.0,2012-04-21,2023-03-27,5705.0,105766585.13,41.41,0.65,22.0,12174039.9,4237072.3,96.2,4.28,36.5,71.35,46.87,8.0
891501.0,Data Apps 677,FinTech,Delhi,Singapore,Startup,SME,GCP,High,2015.0,2015-06-12,2025-04-03,44909.0,145872774.14,11.9,0.7,11.0,7051083.34,3957340.53,82.2,2.19,57.43,21.31,78.09,14.0
360483.0,Smart Platforms 457,,Hyderabad,Singapore,Public,Enterprise,GCP,Medium,1992.0,1992-01-27,2003-01-01,15301.0,150368425.1,5.19,32.09,19.0,6875268.27,1763855.3,82.0,2.92,24.06,41.75,42.58,22.0
451954.0,Zen Innovations 171,FinTech,Kolkata,India,Private,SME,AWS,Very High,2023.0,2023-08-11,2025-07-27,576.0,121667373.49,4.8,24.74,8.0,24614213.39,746971.5,81.7,3.55,74.01,62.73,72.43,14.0
273692.0,Fusion Digital 458,EdTech,Noida,Singapore,Startup,SME,GCP,Low,2010.0,2010-10-20,2021-08-11,3274.0,74804441.44,27.6,10.88,20.0,8539314.59,4271453.86,64.1,2.23,9.86,84.37,6.64,11.0
593213.0,Cloud Digital 630,AI/ML,Noida,Australia,Private,B2C,GCP,Very High,2018.0,2018-12-22,,47887.0,249105473.05,39.57,4.73,8.0,19965379.94,2520875.75,46.8,2.64,84.29,13.89,15.28,14.0
897680.0,Logic Tech 655,Cybersecurity,Pune,UK,Subsidiary,B2B2C,Azure,High,1987.0,1987-12-15,1995-02-12,11586.0,100736061.03,2.08,17.96,10.0,5570706.01,705030.26,89.0,4.81,23.43,31.06,35.26,21.0
625210.0,Cloud Labs 688,Gaming,Chennai,USA,Public,B2B2C,AWS,High,1996.0,1996-02-25,2006-12-13,28591.0,171574556.86,31.03,0.29,16.0,6884020.19,3747960.01,39.3,4.93,86.32,89.19,46.78,8.0
602616.0,Prime Digital 526,AI/ML,Ahmedabad,Singapore,Public,Enterprise,GCP,Low,1985.0,1985-01-11,2005-12-06,13597.0,157475200.35,28.28,32.85,19.0,19650593.62,3960876.53,67.4,4.25,37.79,10.82,65.3,3.0
680436.0,Quantum Soft 147,Cloud Services,Hyderabad,India,Private,SME,Azure,Medium,1989.0,1989-11-26,2003-02-05,34581.0,250886847.4,31.29,14.58,23.0,30220470.1,3021641.02,54.8,2.83,72.21,27.92,79.06,23.0
889621.0,Zen Stack 36,SaaS,Hyderabad,Germany,Private,SME,Azure,Medium,2014.0,2014-09-17,2023-05-21,8762.0,125857409.36,16.22,14.14,11.0,5929576.82,2234786.76,36.8,2.86,34.69,95.35,31.11,18.0
810139.0,Innova Labs 242,FinTech,Bengaluru,UK,Public,B2C,Azure,Medium,2014.0,2014-12-04,2016-01-11,38615.0,274572976.78,34.82,13.73,13.0,16296003.57,3114909.35,117.1,3.97,89.25,64.59,3.79,3.0
565354.0,Vertex Digital 393,Cybersecurity,Noida,India,Startup,B2B,IBM Cloud,Medium,2001.0,2001-03-16,2008-04-20,9258.0,97927995.95,3.79,2.52,9.0,23359325.52,3297403.15,34.8,2.44,16.78,33.29,64.09,13.0
328068.0,Bright Systems 620,,Kolkata,Singapore,Public,Enterprise,Multi-Cloud,Very High,2007.0,2007-12-24,2024-03-08,5159.0,132145595.98,32.22,22.38,20.0,5953370.69,4061422.83,40.6,4.85,21.6,15.96,48.35,12.0
686234.0,Innova Stack 972,Gaming,Mumbai,India,Private,Enterprise,Azure,High,1999.0,1999-07-04,2011-05-29,49318.0,223807911.91,12.68,25.68,24.0,5691119.22,4319032.89,23.6,2.75,50.85,12.51,15.88,15.0
294199.0,Vertex Digital 455,Enterprise Software,Chennai,USA,Startup,B2B,Multi-Cloud,High,2021.0,2021-10-07,2023-01-20,35251.0,207234625.99,21.07,23.7,19.0,10309609.24,2508715.82,99.6,5.0,12.62,31.78,39.59,18.0
478456.0,Data Solutions 543,Gaming,Pune,India,Startup,SME,GCP,Medium,2005.0,2005-02-28,2014-10-24,17017.0,177692485.46,34.91,4.93,16.0,21855998.41,3673827.59,72.5,3.54,23.23,88.45,59.38,5.0
412703.0,Vertex Corp 322,EdTech,Bengaluru,USA,Public,B2B2C,GCP,High,1998.0,1998-04-15,2007-07-20,29809.0,198820053.56,12.85,20.3,7.0,6403879.6,4354489.18,75.5,4.34,92.77,47.02,61.63,7.0
532128.0,Next Analytics 984,Enterprise Software,Hyderabad,Canada,Public,B2B,AWS,Medium,1986.0,1986-12-11,1994-11-01,20222.0,168996210.82,9.41,19.98,19.0,11977142.86,1020097.69,99.4,2.11,95.81,74.11,39.97,11.0
903421.0,Neo Soft 754,HealthTech,Hyderabad,Singapore,Private,Enterprise,Azure,Low,1995.0,1995-07-02,2024-05-28,36985.0,232913392.64,29.25,30.41,12.0,14550546.54,474898.72,44.4,4.68,39.99,91.73,24.42,11.0
902027.0,Quantum AI 531,FinTech,Chennai,UK,Public,B2C,Azure,Medium,2023.0,2023-11-19,2024-05-06,26639.0,235270307.39,23.34,13.33,15.0,54106579.98,3962751.47,27.3,2.88,90.87,46.32,77.9,15.0
422972.0,Prime Services 121,Cloud Services,Gurugram,Canada,Private,B2C,IBM Cloud,Low,2022.0,2022-08-15,2025-10-29,30065.0,253758847.23,22.58,13.06,23.0,53541461.8,1200620.67,27.8,4.04,55.67,27.02,53.07,10.0
990401.0,Next Tech 721,Gaming,Gurugram,Canada,Public,B2B2C,Multi-Cloud,Medium,2018.0,2018-03-16,2019-01-18,29059.0,230129315.26,22.27,21.69,14.0,26361912.96,574162.94,89.3,4.44,30.09,56.02,32.66,15.0
766484.0,Fusion Dynamics 627,Enterprise Software,Ahmedabad,USA,Subsidiary,Enterprise,AWS,Medium,2022.0,2022-09-24,2023-04-10,17823.0,161578993.95,3.4,22.19,11.0,20347101.89,1056394.16,75.6,2.58,70.32,90.82,22.44,13.0
697554.0,Smart AI 205,Cloud Services,Hyderabad,Australia,Public,Enterprise,IBM Cloud,Low,2018.0,2018-09-14,2025-07-24,41175.0,230552664.33,18.41,16.48,10.0,26905352.59,1974871.14,28.7,3.38,66.28,81.59,58.49,14.0
630362.0,Neo Solutions 874,Cloud Services,Hyderabad,USA,Subsidiary,B2C,AWS,Very High,2002.0,2002-08-17,2010-12-13,26193.0,156452993.97,6.26,15.56,11.0,5439097.15,1298989.38,21.7,3.53,96.99,15.86,19.37,17.0
314188.0,Data Stack 177,Cloud Services,Gurugram,Canada,Private,B2B,AWS,Medium,2014.0,2014-12-19,2018-11-23,6204.0,146038057.08,38.24,17.35,6.0,19861534.33,1651539.88,18.9,3.01,29.65,71.64,13.74,13.0
892077.0,Fusion Labs 830,SaaS,,Germany,Private,B2C,Azure,Medium,1999.0,1999-12-27,2005-10-04,21854.0,179824524.93,3.65,30.15,2.0,12981243.32,4398705.61,77.2,3.5,67.5,60.9,42.39,10.0
359846.0,Alpha Digital 727,FinTech,Chennai,India,Subsidiary,B2B,GCP,Medium,2011.0,2011-02-13,2025-06-20,41738.0,158556487.2,19.27,16.19,11.0,4171770.22,3288062.73,5.0,3.02,9.84,90.76,23.2,1.0
581946.0,Data Services 556,Cloud Services,Noida,Singapore,Public,B2B,GCP,High,2018.0,2018-10-11,2024-08-26,20631.0,162583471.37,4.09,32.9,19.0,27807599.69,3319986.09,7.1,3.15,15.57,20.9,50.31,1.0
450109.0,Smart Platforms 872,Gaming,Bengaluru,Australia,Private,B2C,GCP,Medium,2022.0,2022-07-14,2024-05-23,30137.0,160786284.73,22.27,17.69,6.0,15287252.25,788210.04,49.8,4.04,5.36,57.53,9.44,15.0
765792.0,Quantum Networks 813,SaaS,Mumbai,Canada,Subsidiary,B2B2C,GCP,High,2017.0,2017-05-13,,49980.0,264429663.6,28.35,33.23,14.0,21311408.15,3401603.32,84.5,3.93,97.95,88.27,52.4,16.0
725945.0,Vertex Infotech 230,Gaming,Chennai,Germany,Private,B2C,GCP,Low,2008.0,2008-05-15,2011-12-29,33031.0,265054796.46,27.88,29.17,20.0,48424996.63,3431311.77,84.9,2.77,79.61,46.49,22.66,12.0
819459.0,Neo Dynamics 812,Cybersecurity,Gurugram,Germany,Public,Enterprise,GCP,High,1999.0,1999-03-14,2022-12-24,3812.0,70380377.16,3.32,12.75,6.0,2310736.96,3104954.58,54.5,4.7,78.17,52.9,0.02,24.0
264964.0,Innova Analytics 810,EdTech,Hyderabad,UAE,Public,SME,GCP,Very High,2014.0,2014-05-27,2022-01-15,46217.0,268793676.75,2.05,30.24,17.0,52155317.7,1336588.81,84.5,4.6,52.4,16.27,10.15,6.0
906096.0,Global Soft 370,HealthTech,Pune,Canada,Subsidiary,B2B2C,Multi-Cloud,Medium,2001.0,2001-12-24,2011-10-01,9818.0,98304942.74,5.15,3.94,10.0,7169700.2,2134448.33,64.9,3.58,32.91,34.75,74.69,6.0
345541.0,Secure Digital 479,FinTech,Kolkata,USA,Startup,B2B2C,Azure,Medium,1989.0,1989-04-07,2017-12-31,43458.0,216644605.41,32.52,32.38,1.0,5636837.57,3869733.46,117.3,3.36,19.07,38.88,69.39,12.0
264009.0,Secure Solutions 627,Enterprise Software,Kolkata,USA,Public,B2B,Azure,Medium,2013.0,2013-12-10,2021-09-29,39549.0,208793693.15,25.38,22.14,3.0,19022941.39,3147826.68,23.7,3.19,31.47,94.12,18.69,15.0
656284.0,Data Labs 317,EdTech,Chennai,Germany,Public,B2B,AWS,Low,1988.0,1988-11-05,2021-11-13,38609.0,140887318.48,3.52,2.0,8.0,4659345.39,3404352.22,74.1,3.51,39.97,35.16,62.27,4.0
966045.0,Prime AI 539,Cybersecurity,Noida,Germany,Public,B2B2C,Multi-Cloud,Low,1994.0,1994-11-06,2017-08-08,48640.0,286329868.36,21.52,22.58,8.0,33033524.23,2808235.04,61.5,4.05,75.34,51.02,48.69,24.0
141192.0,Logic Innovations 844,Cloud Services,Kolkata,UAE,Private,SME,Azure,High,2001.0,2001-09-23,2016-06-17,8833.0,155252487.31,30.48,34.1,20.0,3778583.14,2243305.06,27.4,2.67,55.19,69.75,77.67,4.0
392859.0,Bright Labs 129,Gaming,Hyderabad,Canada,Public,SME,Multi-Cloud,Very High,1994.0,1994-12-04,2010-10-20,46439.0,180891739.27,36.76,2.54,22.0,1695381.19,3512113.24,91.2,4.05,12.21,24.43,29.89,2.0
302007.0,Alpha Labs 461,Cybersecurity,Noida,Singapore,Public,B2B2C,Multi-Cloud,High,2001.0,2001-09-16,2020-09-22,29831.0,218685275.26,39.36,19.46,15.0,21319646.76,678495.84,36.7,2.83,6.68,53.29,54.52,24.0
405969.0,Fusion Infotech 353,SaaS,Hyderabad,Singapore,Private,Enterprise,IBM Cloud,Low,2004.0,2004-11-24,2025-01-18,30861.0,224113698.1,22.27,26.2,24.0,27355704.38,3159959.0,48.9,2.15,14.52,75.73,5.08,12.0
396487.0,Innova Services 656,Gaming,Pune,India,Private,B2B2C,Azure,Low,2008.0,2008-09-10,2018-06-23,48837.0,251831044.64,7.43,28.38,7.0,18080263.9,4488538.48,48.1,4.13,43.18,87.15,31.7,7.0
841621.0,Bright Networks 787,E-commerce,Kolkata,India,Private,B2B,GCP,Low,1989.0,1989-01-17,1994-10-11,35538.0,183345793.12,11.48,14.54,11.0,1455118.09,3598786.91,33.1,3.97,91.79,65.74,77.11,20.0
565121.0,Innova Innovations 515,FinTech,Noida,Germany,Private,Enterprise,Multi-Cloud,High,2018.0,2018-01-13,2020-08-18,8955.0,166359377.62,33.05,7.23,7.0,26217629.1,1591310.4,54.5,3.29,64.28,69.55,43.12,9.0
637786.0,Cloud Works 531,EdTech,Chennai,UK,Public,Enterprise,AWS,High,1990.0,1990-01-22,1993-07-16,9177.0,108657785.86,40.86,1.58,4.0,11265594.44,1539059.93,59.4,3.62,79.57,21.24,23.03,9.0
344435.0,Innova Platforms 169,HealthTech,Kolkata,Australia,Subsidiary,B2B,IBM Cloud,High,1986.0,1986-04-09,2023-08-27,22481.0,167600356.23,20.66,20.33,12.0,2789711.32,3135596.3,90.6,4.85,48.37,94.17,9.62,8.0
249351.0,Quantum Apps 958,,Pune,Germany,Private,B2B,IBM Cloud,High,1997.0,1997-03-10,2009-03-29,49203.0,209374428.97,14.21,15.91,6.0,18330316.83,4073002.45,93.0,3.83,38.63,21.8,56.28,14.0
523104.0,Blue Digital 971,HealthTech,Noida,USA,Private,B2B,Multi-Cloud,High,1995.0,1995-03-27,1998-10-13,6418.0,142315866.16,19.17,33.21,14.0,22766061.6,2769593.94,23.2,4.01,15.08,78.95,51.59,1.0
560644.0,Pixel Platforms 867,Cybersecurity,Mumbai,UAE,Public,B2B2C,Azure,Very High,2007.0,2007-12-26,2014-08-14,27474.0,138116802.96,14.19,2.22,12.0,18735921.01,2562349.38,73.2,2.29,86.46,33.57,29.92,23.0
166112.0,Data Tech 202,Gaming,,Germany,Private,B2C,AWS,High,2000.0,2000-04-25,2025-04-11,46874.0,249710571.14,12.26,24.02,11.0,8984991.21,1057574.95,108.1,3.51,77.83,93.09,76.08,21.0
752211.0,Secure Tech 129,SaaS,Pune,India,Private,SME,IBM Cloud,High,2015.0,2015-01-12,2025-02-16,45054.0,274945918.88,25.75,0.97,19.0,68800222.18,3333373.52,17.5,2.97,20.63,74.08,1.78,23.0
119095.0,Smart Services 96,EdTech,Ahmedabad,India,Private,SME,,Very High,1995.0,1995-08-04,2023-08-21,18383.0,377645954.18,2.63,6.08,21.0,204456058.64,3279424.34,59.4,3.66,52.64,77.09,24.3,12.0
318826.0,Pixel Networks 607,Enterprise Software,Hyderabad,Germany,Private,SME,GCP,High,2000.0,2000-11-24,2026-03-16,23166.0,170876789.59,12.38,15.93,5.0,32844885.99,4364500.71,91.3,4.35,50.33,29.5,73.69,2.0
439946.0,Bright Solutions 176,E-commerce,Chennai,UAE,Subsidiary,Enterprise,GCP,Medium,1992.0,1992-04-24,2022-01-11,47269.0,248699485.52,28.46,15.98,14.0,7342053.14,1630787.96,75.3,3.03,63.13,49.43,25.67,13.0
485608.0,Zen Apps 863,SaaS,Kolkata,Germany,Private,Enterprise,IBM Cloud,Very High,1988.0,1988-09-13,2000-08-28,43251.0,184512707.08,3.28,24.03,21.0,4997698.59,3501426.45,16.6,3.13,93.0,64.99,20.18,4.0
225910.0,Bright Systems 846,SaaS,,Canada,Public,Enterprise,Azure,High,2024.0,2024-09-26,2026-02-12,15575.0,152271979.68,5.33,31.87,24.0,13646410.2,2179667.57,50.6,2.84,58.92,78.53,42.74,20.0
257007.0,Tech Labs 47,Enterprise Software,Kolkata,UK,Subsidiary,SME,AWS,High,1988.0,1988-12-10,2021-01-31,23448.0,135400607.92,13.74,22.4,16.0,1105438.68,2689738.45,63.3,2.84,55.24,19.25,65.9,18.0
351162.0,Bright Tech 667,Enterprise Software,Mumbai,Canada,Startup,Enterprise,,Medium,2009.0,2009-11-02,2018-07-23,32907.0,280767100.96,37.11,33.38,13.0,30256887.07,3747460.81,119.5,4.85,9.68,95.65,8.25,19.0
696706.0,Cyber Innovations 633,E-commerce,Kolkata,India,Private,B2B,IBM Cloud,Medium,1987.0,1987-07-14,2025-05-09,10411.0,202989201.68,32.6,30.87,22.0,28091495.79,1310179.68,25.5,3.94,10.85,89.23,75.44,16.0
880618.0,Tech AI 911,AI/ML,Gurugram,Australia,Startup,SME,GCP,Medium,2016.0,2016-11-11,2023-03-12,16419.0,198646562.14,2.89,20.5,22.0,51786196.78,1805761.83,118.0,2.55,22.42,34.06,63.61,14.0
976605.0,Secure Platforms 658,Gaming,Hyderabad,USA,Subsidiary,SME,IBM Cloud,Medium,1987.0,1987-01-01,2023-05-12,3091.0,140341868.04,22.07,29.2,20.0,25183822.68,3570565.55,48.3,3.51,8.02,83.23,14.5,8.0
422442.0,Smart AI 251,SaaS,Hyderabad,UK,Startup,B2B,Azure,Medium,2011.0,2011-05-07,2025-12-01,155.0,104590812.37,12.99,22.53,22.0,7478730.48,2738877.45,28.0,4.19,74.13,56.13,56.96,12.0
194485.0,Prime Platforms 465,FinTech,Pune,India,Public,B2B,Azure,Low,2013.0,2013-08-27,2019-01-22,9128.0,199628299.3,27.95,2.84,4.0,66256977.77,778933.96,52.6,4.03,72.27,51.1,30.8,9.0
341483.0,Data Systems 162,HealthTech,Kolkata,UAE,Startup,Enterprise,AWS,Very High,2016.0,2016-11-23,2024-12-16,25053.0,258622644.4,30.86,25.95,11.0,68145028.17,2163762.05,75.6,2.49,17.65,37.98,32.18,6.0
783850.0,Fusion Innovations 496,Cybersecurity,Noida,UK,Subsidiary,B2B,Multi-Cloud,High,2003.0,2003-11-12,2020-12-07,25920.5,190622449.96,36.51,3.41,17.0,7957714.88,2805196.58,29.6,3.28,82.76,61.71,62.66,18.0
998357.0,Fusion Dynamics 349,SaaS,Gurugram,India,Startup,B2B,Multi-Cloud,Medium,2005.0,2005-10-18,2022-07-25,38900.0,214834715.5,21.02,20.83,7.0,23163432.82,4129021.0,38.5,2.41,19.4,74.96,77.02,2.0
379173.0,Zen Solutions 321,EdTech,Delhi,UK,Subsidiary,SME,IBM Cloud,High,1989.0,1989-10-07,2024-10-25,49836.0,250304795.48,41.78,24.62,14.0,877543.01,1172801.0,103.3,4.47,33.01,46.57,10.13,23.0
376475.0,Alpha Digital 999,Gaming,Gurugram,UAE,Public,B2B,AWS,High,2002.0,2002-12-07,2016-03-12,1975.0,103327908.45,41.2,2.42,11.0,3145183.91,3704407.17,119.9,4.0,28.15,66.0,33.65,8.0
301556.0,Prime Solutions 779,E-commerce,Ahmedabad,India,Startup,Enterprise,GCP,High,2012.0,2012-08-06,2014-09-03,18490.0,177038597.06,37.29,8.15,22.0,6773832.84,935560.38,41.6,3.57,39.62,72.24,38.48,24.0
815234.0,Vertex Infotech 576,E-commerce,Pune,UAE,Public,B2B,Multi-Cloud,High,2006.0,2006-03-06,2023-06-27,39735.0,232677124.45,24.99,32.06,9.0,4228668.7,1393166.21,22.1,3.09,28.68,73.29,30.1,14.0
531206.0,Neo Apps 248,AI/ML,Pune,Singapore,Private,B2B2C,GCP,Medium,2005.0,2005-09-04,2014-06-18,26065.0,150050306.83,17.92,21.61,23.0,10343308.77,1397709.92,96.2,2.63,50.47,14.62,29.06,6.0
626862.0,Fusion Works 274,Enterprise Software,Ahmedabad,Germany,Public,Enterprise,GCP,Very High,1990.0,1990-01-14,2003-07-09,33370.0,139089450.71,16.58,8.7,13.0,7195873.08,3997664.7,74.1,2.41,42.89,86.52,4.18,10.0
326462.0,Fusion Analytics 145,Cloud Services,Noida,Canada,Public,SME,IBM Cloud,Medium,1985.0,1985-09-09,1995-11-02,25341.0,191864850.68,2.48,24.2,23.0,4046512.78,1215972.54,16.5,4.91,96.75,50.78,54.84,8.0
669521.0,Neo Systems 298,Cloud Services,Pune,India,Private,B2B,GCP,Low,1989.0,1989-03-19,2001-06-10,36729.0,210594862.34,11.97,20.93,18.0,17149576.08,3626538.98,113.9,2.68,10.2,33.36,34.9,17.0
263192.0,Prime Innovations 255,HealthTech,Kolkata,Singapore,Private,B2C,GCP,Medium,1996.0,1996-01-11,2017-12-02,26339.0,156719565.87,30.75,17.6,11.0,13684960.32,2293406.79,14.0,2.27,18.22,31.52,15.58,12.0
826732.0,Quantum Apps 957,Cloud Services,Gurugram,Canada,Private,B2B,Multi-Cloud,High,2010.0,2010-12-05,2011-11-24,3439.0,98696898.64,26.15,34.17,15.0,1970503.67,4496272.15,76.9,4.89,9.91,52.99,65.28,17.0
767782.0,Bright Apps 195,SaaS,Chennai,Canada,Public,B2B2C,Azure,Medium,2018.0,2018-03-11,2025-09-10,25733.0,233825237.41,38.66,23.95,22.0,17057281.21,3840275.14,53.8,3.69,63.2,88.93,64.2,13.0
750134.0,Quantum AI 528,Cloud Services,Gurugram,Canada,Startup,Enterprise,Azure,Medium,1998.0,1998-01-25,2012-07-05,13679.0,115297202.64,4.0,13.2,19.0,3137470.09,3432782.85,69.0,4.41,10.07,43.67,38.91,19.0
143157.0,Fusion AI 901,HealthTech,Kolkata,Germany,Public,SME,GCP,High,2010.0,2010-08-26,2023-11-05,24876.0,194991847.53,8.21,28.02,1.0,1743788.16,3969977.86,29.5,2.23,82.79,76.73,23.88,12.0
501734.0,Smart AI 24,AI/ML,Pune,UK,Private,Enterprise,IBM Cloud,High,2011.0,2011-09-12,2013-08-20,35248.0,226879091.12,33.57,30.97,4.0,13738966.72,2999524.61,84.1,3.74,52.61,18.62,51.05,16.0
684564.0,Data Corp 518,EdTech,Delhi,Canada,Private,Enterprise,GCP,Medium,1993.0,1993-12-11,2017-07-27,26680.0,144658143.25,16.34,4.47,14.0,8917841.8,3858974.25,115.4,3.25,54.01,52.37,23.05,5.0
952509.0,Fusion Analytics 221,FinTech,Chennai,Australia,Startup,B2C,IBM Cloud,Medium,2010.0,2010-04-06,2022-09-04,33276.0,185625088.53,6.73,7.1,14.0,29453207.14,1470620.07,57.7,4.34,57.23,98.26,18.88,16.0
450492.0,Bright Digital 50,E-commerce,Noida,Canada,Public,Enterprise,Multi-Cloud,High,2006.0,2006-02-26,2018-05-01,46213.0,256835083.33,41.86,7.65,3.0,38228837.88,800583.17,65.1,2.21,20.89,78.57,58.44,6.0
793462.0,Cloud Platforms 507,SaaS,Kolkata,Canada,Private,B2B,IBM Cloud,Low,2014.0,2014-03-14,2024-01-18,33025.0,189828307.81,33.49,24.22,17.0,3494612.82,2925321.23,32.6,3.26,23.39,28.74,3.23,11.0
154467.0,Zen AI 293,Enterprise Software,Delhi,India,Startup,B2B,GCP,Very High,2001.0,2001-02-12,2011-12-04,949.0,93359774.69,18.35,21.15,3.0,15385130.38,2182230.61,107.6,4.42,34.65,54.63,7.58,17.0
596433.0,Secure Soft 868,SaaS,Chennai,India,Subsidiary,SME,Azure,Medium,2010.0,2010-04-22,2018-06-11,11703.0,189200626.37,34.93,21.7,16.0,6653706.55,2148407.26,116.7,3.62,60.2,30.79,0.54,23.0
409555.0,Neo Innovations 138,Gaming,Mumbai,Singapore,Subsidiary,B2B2C,Azure,Medium,2020.0,2020-06-12,2022-08-25,28011.0,237490886.2,29.22,32.93,14.0,15109857.02,2559666.19,95.4,3.7,24.54,46.45,12.24,14.0
961959.0,Next Digital 783,AI/ML,Kolkata,USA,Subsidiary,B2C,Multi-Cloud,Low,1985.0,1985-04-25,2017-09-25,16455.0,203553358.15,33.6,27.18,20.0,12910298.95,1881668.71,67.4,2.38,15.82,79.43,5.52,6.0
887499.0,Prime Digital 47,HealthTech,Chennai,Australia,Startup,Enterprise,IBM Cloud,Very High,1992.0,1992-09-16,2018-03-07,8651.0,154693426.17,22.27,4.56,13.0,36667159.11,2966844.08,115.0,2.48,95.22,78.64,79.66,23.0
151651.0,Prime Systems 584,FinTech,Gurugram,UAE,Public,B2C,GCP,Medium,2019.0,2019-11-01,2021-04-14,33712.0,202347988.37,5.39,12.23,15.0,38671056.8,525330.31,22.7,4.06,7.04,30.3,23.1,11.0
510409.0,Secure Dynamics 372,Cybersecurity,Bengaluru,Australia,Public,SME,Multi-Cloud,Low,1999.0,1999-11-12,2019-12-28,33332.0,243417095.27,26.92,15.3,14.0,24474432.97,4376554.5,60.0,4.06,79.65,92.08,11.94,12.0
146574.0,Secure Platforms 76,EdTech,Noida,Singapore,Startup,B2B2C,Azure,Medium,2006.0,2006-04-21,2020-10-06,21338.0,158892876.4,2.27,13.92,24.0,6225446.76,4191306.87,66.8,4.94,78.29,62.74,19.28,13.0
957172.0,Prime Infotech 462,Cloud Services,Noida,UK,Private,B2B2C,AWS,High,1998.0,1998-10-08,2000-10-15,29595.0,182325972.22,3.74,23.46,19.0,4459580.37,4234607.67,61.6,4.16,32.64,43.81,74.89,4.0
519256.0,Secure Tech 846,Cloud Services,Noida,Canada,Private,B2B2C,GCP,Very High,2010.0,2010-11-11,2019-07-22,36927.0,278433703.1,38.16,31.23,6.0,43261580.91,1896514.33,97.3,3.53,17.61,54.67,41.61,7.0
589259.0,Zen Works 132,Enterprise Software,Ahmedabad,USA,Startup,Enterprise,Azure,Medium,2012.0,2012-02-13,2018-10-03,46076.0,216384257.02,23.1,10.78,10.0,10205588.8,2580752.93,82.1,4.59,18.54,63.85,29.19,2.0
285869.0,Neo Corp 383,AI/ML,Chennai,Canada,Public,B2B,Azure,High,2007.0,2007-09-24,2014-05-05,15363.0,205817878.36,31.44,19.36,15.0,27887542.33,4311935.47,19.6,2.4,69.86,59.83,69.87,6.0
330251.0,Alpha Services 962,Cybersecurity,Mumbai,Singapore,Subsidiary,SME,AWS,Medium,1998.0,1998-01-17,2015-10-27,15399.0,214202882.26,35.54,27.65,21.0,23355903.36,4099618.83,44.8,3.4,64.78,53.29,31.6,6.0
172090.0,Vertex Solutions 204,SaaS,Chennai,Canada,Public,B2B2C,Multi-Cloud,Medium,2008.0,2008-09-26,2020-05-30,7229.0,129857413.28,39.98,14.63,22.0,7732895.31,3640002.35,44.0,2.93,77.8,54.94,26.8,18.0
531310.0,Zen Infotech 412,EdTech,Mumbai,Australia,Private,SME,Azure,High,1986.0,1986-08-16,1991-12-20,10376.0,156733083.14,36.77,5.97,20.0,15555372.54,2070059.52,70.0,2.4,92.19,25.7,16.58,20.0
960812.0,Pixel Systems 47,HealthTech,,Australia,Private,B2B2C,GCP,Medium,2010.0,2010-05-21,2015-04-27,44605.0,216868004.71,21.33,16.68,6.0,11484734.34,2713790.82,38.5,4.31,69.35,82.33,30.22,8.0
442390.0,Cloud Solutions 731,Gaming,Mumbai,USA,Private,SME,AWS,High,1998.0,1998-06-17,2002-09-11,1610.0,101610545.28,15.44,2.03,23.0,36467140.95,3650941.14,18.5,3.58,19.49,58.22,25.33,8.0
676648.0,Alpha AI 532,AI/ML,Delhi,UK,Private,B2C,GCP,Medium,1991.0,1991-02-06,2016-02-18,13662.0,200767327.41,8.18,32.99,10.0,38293401.19,1519349.18,80.2,3.71,27.64,21.67,54.18,8.0
486016.0,Fusion Solutions 621,EdTech,Noida,UAE,Public,B2B2C,Multi-Cloud,Very High,1987.0,1987-09-01,2018-02-14,17700.0,155462811.9,18.01,2.71,7.0,1787735.37,2968442.41,102.9,3.29,83.32,78.19,23.17,8.0
382247.0,Pixel Solutions 336,HealthTech,Chennai,UK,Public,Enterprise,IBM Cloud,Low,2007.0,2007-02-07,2023-01-13,26795.0,191911661.89,16.66,15.4,22.0,4367004.28,3794530.73,112.1,3.43,24.47,92.99,46.18,1.0
850210.0,Zen Apps 167,HealthTech,Ahmedabad,Singapore,Public,SME,AWS,Medium,2002.0,2002-11-25,2012-07-24,31940.0,196381885.74,24.38,18.59,17.0,7787055.04,3300564.65,116.8,2.44,11.74,94.31,5.27,2.0
234772.0,Prime Platforms 608,FinTech,Pune,Singapore,Public,SME,Multi-Cloud,Low,2022.0,2022-11-14,2023-08-01,20072.0,249991158.35,28.62,34.49,18.0,30231929.11,2365870.59,94.8,4.05,70.41,42.84,15.3,12.0
565512.0,Alpha Infotech 849,Cybersecurity,Delhi,UAE,Private,Enterprise,AWS,Medium,2019.0,2019-04-18,2024-11-17,4830.0,126642562.74,41.13,5.89,17.0,14247715.26,2796894.27,21.1,3.35,42.43,22.06,32.59,15.0
988916.0,Pixel Services 502,Cloud Services,Pune,Canada,Private,SME,Azure,Medium,1999.0,1999-11-27,2003-03-27,18361.0,178372997.07,31.14,4.09,9.0,24702245.14,4453569.73,103.1,4.47,90.56,56.14,74.96,4.0
521797.0,Bright Platforms 487,SaaS,,Germany,Public,Enterprise,Azure,High,2009.0,2009-12-22,2013-06-13,28430.0,160015021.64,27.75,0.4,10.0,27129748.33,2868149.96,51.0,2.67,65.47,20.02,30.18,3.0
189218.0,Tech Digital 340,EdTech,Kolkata,UAE,Public,B2B2C,Multi-Cloud,Low,2021.0,2021-01-15,2026-01-08,44712.0,252029685.78,22.27,5.53,10.0,45356541.28,3621032.79,88.9,2.69,13.41,93.12,53.13,14.0
822839.0,Neo Innovations 598,E-commerce,Bengaluru,Canada,Public,B2B2C,Azure,High,2012.0,2012-06-02,2014-12-18,2406.0,127492883.43,3.38,7.33,7.0,42372455.12,3379079.53,66.1,3.97,93.15,26.34,20.41,22.0
905016.0,Smart Soft 612,Gaming,Kolkata,USA,Public,SME,Azure,Medium,1994.0,1994-02-02,2002-12-26,4840.0,175626396.33,13.53,22.11,16.0,72374017.1,3276111.52,100.3,4.55,29.05,32.5,10.16,23.0
306457.0,Global Tech 991,Gaming,Hyderabad,Australia,Private,B2C,AWS,High,2023.0,2023-05-18,2024-03-13,26961.0,168676019.4,32.74,7.77,18.0,7755391.96,3337113.13,53.9,3.47,36.36,46.19,4.68,8.0
678812.0,Bright Analytics 739,Cybersecurity,Chennai,UAE,Private,B2C,AWS,Medium,2001.0,2001-10-27,2012-03-18,49508.0,172756318.6,10.21,0.82,6.0,4157308.21,2263079.98,12.1,4.21,42.41,44.1,24.43,13.0
666708.0,Cloud AI 175,Cybersecurity,Gurugram,Germany,Private,B2B,GCP,High,2023.0,2023-05-14,2025-02-01,24413.0,218925433.86,30.49,28.95,20.0,3931805.65,2344056.72,69.0,5.0,9.76,80.72,12.61,23.0
448729.0,Pixel Corp 152,Enterprise Software,Kolkata,UK,Public,Enterprise,Multi-Cloud,High,2006.0,2006-08-21,2016-01-27,20099.0,181008152.02,25.19,12.86,1.0,25527015.68,2318237.22,24.7,4.97,51.18,50.61,13.92,19.0
224677.0,Blue Systems 587,Gaming,Delhi,Canada,Startup,B2B2C,IBM Cloud,Medium,2010.0,2010-07-11,2011-05-19,10231.0,81003266.05,8.87,12.44,1.0,5708524.54,536343.89,116.0,4.26,16.47,25.2,60.86,22.0
791612.0,Neo Dynamics 20,E-commerce,Chennai,UAE,Subsidiary,SME,IBM Cloud,Medium,2009.0,2009-07-22,2012-08-27,39875.0,234778863.88,12.46,10.66,12.0,48476675.0,1388367.85,65.6,4.24,42.29,33.78,1.27,5.0
411407.0,Fusion Apps 429,EdTech,Gurugram,Germany,Subsidiary,B2B2C,Multi-Cloud,Medium,2001.0,2001-09-01,2004-11-02,16132.0,193709813.84,21.85,34.14,21.0,20016563.7,1033712.43,68.7,2.82,37.62,55.31,44.62,13.0
161348.0,Innova Innovations 708,Cloud Services,Gurugram,Germany,Public,B2B,Multi-Cloud,High,1997.0,1997-12-19,2000-01-16,711.0,93073593.26,18.73,6.04,2.0,19504917.98,4034424.55,109.3,4.52,76.87,23.12,30.36,20.0
571309.0,Cyber Innovations 514,AI/ML,Gurugram,India,Public,B2B,GCP,Medium,2004.0,2004-12-28,2006-08-18,37462.0,234041889.34,33.14,31.45,4.0,19498024.77,1527374.4,76.8,3.27,79.69,64.44,40.52,1.0
160450.0,Zen AI 894,HealthTech,Ahmedabad,UAE,Private,SME,Multi-Cloud,Medium,2009.0,2009-06-17,2012-05-19,48529.0,246536330.47,31.38,27.21,17.0,9628374.29,967614.8,39.8,4.89,19.27,60.35,45.03,16.0
181954.0,Cloud Solutions 532,AI/ML,Noida,USA,Subsidiary,B2C,Azure,Medium,1988.0,1988-05-26,2020-10-07,2970.0,74090207.35,24.98,2.77,4.0,4161124.53,891044.42,39.1,2.34,39.09,73.61,25.07,23.0
623335.0,Cyber Services 333,HealthTech,Delhi,Singapore,Private,B2B2C,Multi-Cloud,High,1994.0,1994-05-20,1998-11-18,25708.0,194867179.67,34.89,34.54,11.0,7361105.69,3269958.32,62.7,3.36,39.72,93.46,23.61,24.0
125280.0,Global Infotech 386,EdTech,Ahmedabad,Canada,Subsidiary,B2B,GCP,Low,1987.0,1987-05-25,2009-08-19,48820.0,296308177.77,24.51,9.57,22.0,54272703.49,424941.57,104.7,3.71,19.08,91.19,58.67,2.0
341560.0,Alpha Networks 471,AI/ML,Bengaluru,Australia,Public,Enterprise,Multi-Cloud,Medium,2002.0,2002-07-13,2004-05-19,14075.0,153672492.12,40.58,3.54,4.0,3491984.63,2332348.05,96.4,3.27,79.26,94.2,69.7,7.0
424350.0,Secure Apps 560,SaaS,Gurugram,Australia,Private,SME,IBM Cloud,Very High,2020.0,2020-08-06,2023-12-29,8996.0,90433195.05,10.69,29.04,1.0,3131307.81,887371.53,115.7,2.71,70.77,31.78,15.41,6.0
806277.0,Vertex Tech 625,HealthTech,Chennai,UAE,Private,B2B2C,Multi-Cloud,Medium,2006.0,2006-04-05,2023-10-01,28756.0,205535792.51,30.57,24.76,7.0,30511141.3,3883619.85,13.3,3.82,22.71,21.71,7.81,5.0
561469.0,Global Dynamics 981,SaaS,Bengaluru,India,Private,Enterprise,Multi-Cloud,High,2018.0,2018-07-26,2025-02-13,45550.0,247573900.75,16.8,21.64,18.0,19346367.78,4329646.46,35.9,4.29,39.11,36.9,71.82,4.0
402970.0,Blue Tech 572,FinTech,Hyderabad,India,Private,B2B2C,Azure,Medium,1992.0,1992-05-21,1999-06-19,39054.0,194896982.55,13.16,5.54,9.0,13594732.73,4330893.93,14.2,3.97,14.84,89.66,27.99,2.0
727070.0,Smart Analytics 965,E-commerce,Kolkata,Germany,Private,Enterprise,Azure,Medium,2024.0,2024-05-22,2026-03-31,16359.0,161012305.99,9.22,16.8,3.0,11875180.4,2212052.85,91.4,2.78,63.42,96.51,44.11,10.0
379186.0,Smart Platforms 722,Cloud Services,Pune,Australia,Private,B2C,Azure,Very High,2003.0,2003-12-21,2012-05-14,46336.0,232046476.48,24.1,27.34,8.0,8137985.39,3042510.78,21.2,4.22,16.29,86.48,28.76,22.0
974334.0,Cyber AI 325,SaaS,Pune,UAE,Subsidiary,B2B,AWS,High,2021.0,2021-01-18,2025-02-10,33170.0,185301491.25,10.62,10.7,24.0,20754515.82,2858786.96,16.5,2.85,96.69,19.79,10.06,5.0
196081.0,Global Digital 574,AI/ML,Gurugram,UK,Subsidiary,Enterprise,IBM Cloud,Medium,1990.0,1990-03-04,1992-11-15,30077.0,171896112.13,10.01,10.98,19.0,13130399.31,1835159.5,69.6,2.61,77.6,94.32,47.15,18.0
551031.0,Next Platforms 125,FinTech,Bengaluru,India,Startup,B2C,Multi-Cloud,Very High,2010.0,2010-01-19,2024-05-19,25920.5,267746943.83,41.62,0.21,4.0,87394818.55,2220664.41,52.3,4.1,41.29,47.68,42.01,10.0
173201.0,Bright Services 389,E-commerce,Hyderabad,Canada,Startup,B2B2C,Multi-Cloud,Low,2018.0,2018-07-18,2025-02-20,46854.0,219217546.13,34.07,6.18,18.0,6934204.56,663727.16,87.2,4.54,58.81,10.83,16.24,23.0
959904.0,Prime Digital 978,AI/ML,Mumbai,UAE,Private,SME,AWS,Medium,1990.0,1990-02-10,2000-06-03,49360.0,320588111.73,22.27,30.65,20.0,33813976.85,3662366.03,61.0,3.5,89.75,49.37,36.15,22.0
410351.0,Innova Platforms 44,Cloud Services,Hyderabad,UAE,Startup,SME,Azure,Medium,2021.0,2021-12-24,2026-01-26,1006.0,152790129.24,33.76,15.52,11.0,25079820.91,1387294.4,53.9,3.64,56.53,14.1,63.76,15.0
371331.0,Smart Labs 355,SaaS,Kolkata,UK,Public,B2B2C,AWS,Low,2017.0,2017-06-07,2022-08-18,34889.0,238056978.51,40.76,34.45,14.0,13607968.49,2288162.06,53.9,2.98,21.23,58.41,47.23,9.0
413235.0,Fusion Tech 766,FinTech,Chennai,USA,Public,B2B2C,Azure,Medium,2006.0,2006-11-28,2018-06-30,8645.0,114153388.04,24.93,13.91,18.0,13970362.54,2370545.01,105.3,3.53,40.22,40.13,7.75,11.0
431217.0,Global Dynamics 207,EdTech,Ahmedabad,India,Public,B2B2C,AWS,High,2005.0,2005-03-06,2010-02-16,47958.0,221176181.97,10.81,25.06,16.0,946670.84,2698918.13,50.5,2.48,83.41,52.14,43.84,21.0
329059.0,Secure Tech 956,EdTech,Hyderabad,Canada,Private,Enterprise,GCP,High,1990.0,1990-04-20,2002-05-03,12853.0,188997193.38,36.49,9.94,3.0,39471431.31,3753294.22,43.3,4.87,64.91,64.57,56.22,17.0
284533.0,Secure Tech 141,Cybersecurity,Bengaluru,UAE,Private,B2B2C,IBM Cloud,Medium,1990.0,1990-04-04,1999-02-19,26013.0,188938710.82,31.71,12.8,15.0,9404130.12,3236712.29,43.9,4.42,65.52,87.32,63.42,21.0
524501.0,Neo Analytics 249,Cloud Services,Ahmedabad,Germany,Private,B2B2C,GCP,Medium,1988.0,1988-11-26,2015-06-13,36271.0,164848218.48,18.57,6.76,4.0,1502795.16,3118558.5,27.6,4.04,85.61,68.91,50.33,9.0
805393.0,Cloud Infotech 232,,Delhi,Germany,Public,B2B2C,GCP,Medium,2014.0,2014-01-28,2025-05-06,39493.0,221426875.87,20.94,12.21,5.0,22312461.11,2559656.53,104.0,3.66,88.14,48.63,12.21,23.0
250868.0,Blue Systems 103,EdTech,Hyderabad,UK,Startup,B2C,AWS,Medium,1995.0,1995-11-18,1999-04-13,33773.0,256001562.75,18.45,19.2,17.0,46499544.02,793418.6,21.9,4.4,90.54,82.93,56.81,16.0
498941.0,Logic Apps 735,Enterprise Software,Mumbai,Canada,Private,B2C,IBM Cloud,High,2014.0,2014-05-22,2016-07-05,39113.0,237535358.88,39.2,34.71,7.0,12962786.06,2048234.73,109.5,3.53,13.82,90.6,54.19,6.0
870568.0,Global Works 698,HealthTech,Mumbai,Canada,Startup,B2B,GCP,Medium,2015.0,2015-05-04,2018-03-19,48739.0,263284307.18,15.74,23.28,16.0,33196271.73,4324999.09,37.6,2.97,55.6,20.66,1.95,22.0
561281.0,Innova Soft 988,SaaS,Delhi,Germany,Private,Enterprise,Azure,High,2008.0,2008-12-19,2019-12-06,15332.0,240496862.88,40.54,7.05,14.0,72526056.44,4481747.11,108.4,2.57,73.87,57.34,32.94,11.0
574860.0,Secure Networks 417,Cybersecurity,Bengaluru,India,Subsidiary,Enterprise,AWS,High,1993.0,1993-06-12,1999-10-02,4753.0,186383026.15,38.41,1.67,16.0,53659928.8,3395042.4,95.9,3.98,75.39,35.32,26.64,23.0
233717.0,Global AI 667,AI/ML,Kolkata,Canada,Private,B2C,Azure,High,1987.0,1987-11-21,2000-07-09,6613.0,101785072.09,22.27,4.51,7.0,10353871.24,1332811.35,71.9,4.8,61.42,14.19,53.55,17.0
986144.0,Cyber Platforms 329,Gaming,Chennai,Singapore,Startup,B2B,GCP,Medium,2015.0,2015-02-10,2022-12-12,25899.0,203496546.53,25.19,19.73,9.0,46489147.93,817751.65,82.0,2.55,20.51,69.5,17.29,4.0
547014.0,Smart Systems 930,EdTech,Noida,Australia,Private,Enterprise,IBM Cloud,Low,2024.0,2024-02-07,2025-06-12,31910.0,219981045.15,16.8,26.8,4.0,26239376.22,2100533.87,42.5,2.62,79.16,86.79,47.27,15.0
713852.0,Data Analytics 548,Gaming,Pune,Canada,Startup,SME,Azure,High,2021.0,2021-08-15,2023-11-04,31635.0,276698027.02,2.73,32.92,22.0,51641460.13,3911944.8,71.0,3.36,71.97,24.5,73.06,1.0
605173.0,Cloud Networks 428,EdTech,Pune,UAE,Public,B2B,Multi-Cloud,Medium,2020.0,2020-10-22,2022-09-19,22065.0,101776735.5,7.1,0.65,11.0,12130357.63,3359643.38,38.6,4.44,13.01,82.3,63.82,22.0
967837.0,Quantum Systems 857,HealthTech,Noida,UK,Public,B2B,IBM Cloud,Low,2008.0,2008-12-19,2012-06-02,12053.0,115016179.66,32.17,18.34,2.0,8562655.62,4023958.17,51.3,2.95,48.13,85.95,73.72,20.0
636503.0,Prime AI 191,AI/ML,Mumbai,USA,Private,Enterprise,AWS,Medium,2015.0,2015-10-19,2020-02-01,43635.0,190679122.6,20.86,16.53,12.0,14966574.81,2924682.89,92.9,2.84,21.18,91.38,78.28,1.0
452227.0,Smart Systems 10,Gaming,Hyderabad,UK,Private,Enterprise,IBM Cloud,Medium,1990.0,1990-06-14,1998-07-25,27008.0,175581745.92,7.99,23.0,12.0,21396411.97,934346.29,33.1,3.9,36.39,33.61,0.85,9.0
197322.0,Smart Works 951,HealthTech,Kolkata,USA,Public,SME,GCP,Low,1986.0,1986-01-11,2001-01-16,26067.0,151504990.77,12.56,19.63,4.0,6643473.59,870663.46,101.5,3.65,6.68,90.45,49.82,12.0
265660.0,Alpha Platforms 466,Cybersecurity,Bengaluru,USA,Private,B2B2C,GCP,Medium,2004.0,2004-04-23,2021-08-05,11221.0,195613950.12,39.91,24.08,18.0,32631831.25,596809.44,48.2,2.27,42.23,38.54,33.03,4.0
724905.0,Secure Infotech 506,Cloud Services,Gurugram,Germany,Private,B2C,IBM Cloud,High,2012.0,2012-11-14,2019-03-17,45400.0,264138780.39,16.69,23.07,21.0,17870491.75,2725027.88,66.2,2.34,56.14,59.16,68.79,22.0
211700.0,Innova Infotech 480,Gaming,Hyderabad,UK,Private,B2B2C,Multi-Cloud,High,1995.0,1995-06-05,2010-11-15,12251.0,81280878.54,38.31,4.18,7.0,7266131.66,1395833.57,113.3,3.96,62.62,14.5,20.15,13.0
830654.0,Next Dynamics 829,HealthTech,Noida,Germany,Startup,SME,GCP,Low,1988.0,1988-08-15,2009-12-23,29476.0,184159729.84,14.19,28.01,1.0,12613561.03,3410972.93,83.3,3.45,66.7,13.91,78.48,7.0
633134.0,Neo Apps 167,Cloud Services,Bengaluru,UAE,Private,B2B2C,Azure,Medium,1999.0,1999-06-25,2013-09-13,17828.0,180822769.19,23.73,4.4,23.0,6014914.14,3213624.74,79.2,3.51,82.78,74.11,49.1,8.0
709770.0,Fusion Tech 736,FinTech,,UK,Public,B2B,GCP,Medium,1990.0,1990-08-18,1995-11-19,45291.0,184021695.28,2.82,24.48,13.0,10418573.32,1704254.04,86.8,4.07,25.04,49.56,63.48,13.0
691490.0,Quantum Soft 755,Enterprise Software,Chennai,Australia,Public,B2B2C,AWS,Medium,2014.0,2014-03-21,2016-11-02,42279.0,190385915.73,22.88,14.62,6.0,15906345.16,1124886.83,110.6,2.13,16.2,32.81,6.85,11.0
119994.0,Alpha Platforms 582,HealthTech,Kolkata,Singapore,Public,SME,GCP,Medium,2022.0,2022-05-28,2023-10-14,21166.0,183228628.41,27.48,18.03,6.0,31029606.2,819841.43,33.6,3.49,84.19,26.95,14.68,9.0
427330.0,Cyber Networks 626,E-commerce,Hyderabad,USA,Subsidiary,Enterprise,IBM Cloud,Low,1986.0,1986-09-07,2001-10-22,48414.0,208480311.07,11.37,31.63,12.0,3455503.47,3422992.62,75.5,3.3,19.56,69.63,60.67,24.0
147005.0,Prime Innovations 528,Gaming,Kolkata,India,Public,Enterprise,IBM Cloud,Medium,1999.0,1999-12-21,2003-06-06,33347.0,208354680.96,25.16,31.16,8.0,9449007.91,2246808.08,51.0,2.41,95.65,10.04,1.76,16.0
712623.0,Alpha Labs 411,HealthTech,Gurugram,UAE,Public,Enterprise,GCP,Medium,1995.0,1995-12-03,1996-11-01,19392.0,367521510.86,27.89,28.64,24.0,110600317.28,1726472.65,6.4,4.78,83.36,81.72,65.35,10.0
851623.0,Neo Networks 144,Cybersecurity,Hyderabad,Canada,Subsidiary,Enterprise,AWS,Very High,1992.0,1992-09-21,1994-05-27,27540.0,213345646.58,29.48,17.9,22.0,8029154.96,3912277.36,19.4,4.43,51.58,17.05,1.12,11.0
534223.0,Global Apps 959,SaaS,Ahmedabad,Australia,Subsidiary,B2B2C,IBM Cloud,High,2010.0,2010-10-19,2020-02-01,20025.0,182906296.65,22.27,25.79,19.0,12099594.53,2833814.19,42.4,2.77,96.27,27.04,52.57,12.0
645290.0,Blue Soft 268,SaaS,Gurugram,Australia,Public,B2B,IBM Cloud,Very High,1989.0,1989-10-07,1991-08-24,26773.0,177909817.07,14.45,18.0,5.0,9082055.68,2523809.58,70.0,2.84,14.06,44.38,29.21,14.0
522435.0,Prime Analytics 458,E-commerce,Hyderabad,Australia,Private,B2B,AWS,Low,1990.0,1990-09-09,2015-05-19,23329.0,225973250.68,24.71,30.45,18.0,36377852.59,3447854.58,106.4,2.19,33.19,53.15,48.92,19.0
746091.0,Next Apps 310,Enterprise Software,Noida,Germany,Subsidiary,B2B2C,IBM Cloud,Medium,2010.0,2010-09-16,2025-08-31,12815.0,172911128.83,41.26,14.16,5.0,3762202.09,3743890.87,96.0,2.96,64.35,41.59,55.68,12.0
575803.0,Bright Soft 268,SaaS,Noida,Australia,Startup,B2B,Multi-Cloud,Low,1988.0,1988-03-12,,46728.0,250179016.33,37.93,33.96,10.0,6645650.72,3212899.94,68.6,3.8,37.55,38.54,27.4,18.0
651106.0,Vertex Analytics 64,Cybersecurity,Gurugram,UK,Public,B2C,AWS,Low,2003.0,2003-04-25,2017-03-23,11611.0,199898668.61,40.11,32.64,1.0,12289443.6,2204025.91,13.5,3.32,91.34,95.79,8.64,21.0
882266.0,Neo Stack 315,Cloud Services,Ahmedabad,UAE,Public,B2B2C,AWS,Low,2004.0,2004-12-28,2011-07-12,41949.0,235950594.18,17.45,25.98,10.0,25271183.63,1955125.05,37.9,4.91,11.1,67.1,5.57,17.0
802096.0,Quantum Corp 703,FinTech,Gurugram,Germany,Private,B2C,Multi-Cloud,Medium,2017.0,2017-03-15,2023-08-15,575.0,175002144.32,33.48,9.85,5.0,28491198.27,3563826.25,47.2,2.26,56.1,12.09,47.11,3.0
476245.0,Pixel Platforms 707,Enterprise Software,Kolkata,Australia,Startup,B2B,GCP,Low,2004.0,2004-09-03,2013-11-25,22911.0,167775105.73,26.8,4.69,12.0,10151174.5,2523419.36,76.5,3.82,59.95,48.29,41.65,1.0
422135.0,Neo Platforms 377,,Noida,UAE,Public,B2B2C,Multi-Cloud,High,1996.0,1996-06-17,1997-06-23,49203.0,229863504.24,5.31,29.93,22.0,2187110.39,3287982.92,12.5,4.59,65.7,87.88,59.38,19.0
712394.0,Zen Analytics 225,Cybersecurity,Kolkata,Australia,Startup,B2B,GCP,Medium,1985.0,1985-11-08,2026-03-07,33192.0,179414399.29,34.96,5.87,7.0,3513276.38,4050635.04,66.0,3.49,28.78,36.83,40.78,4.0
823289.0,Innova AI 157,AI/ML,Mumbai,Singapore,Subsidiary,B2B,IBM Cloud,Medium,2010.0,2010-10-22,2014-09-20,26966.0,177567374.97,29.08,29.91,9.0,6999413.79,4155151.6,108.7,2.11,38.9,18.42,33.8,23.0
146552.0,Fusion Digital 426,Cybersecurity,Ahmedabad,UAE,Subsidiary,Enterprise,Azure,Medium,1998.0,1998-09-05,2019-01-06,45015.0,227588396.92,9.96,17.23,22.0,13649681.27,1538634.12,86.1,2.8,83.46,77.5,31.85,16.0
913095.0,Secure AI 776,FinTech,Pune,UK,Public,B2C,IBM Cloud,High,2022.0,2022-03-06,2026-03-05,4698.0,117632062.25,5.19,14.29,21.0,10928537.44,1170348.8,96.7,3.04,23.13,63.94,2.12,12.0
967744.0,Secure Dynamics 781,Gaming,Noida,Singapore,Public,Enterprise,IBM Cloud,Very High,2021.0,2021-10-22,2022-10-27,35183.0,255567546.42,35.48,31.62,12.0,18970099.21,1471278.18,83.4,4.9,81.9,60.76,26.84,21.0
488564.0,Blue Labs 539,Cloud Services,Bengaluru,Canada,Startup,Enterprise,IBM Cloud,Very High,1995.0,1995-12-24,2017-09-08,30573.0,185986737.4,5.16,21.17,23.0,15631010.0,3480624.26,28.8,4.74,57.33,14.77,78.08,21.0
493294.0,Fusion Infotech 721,Enterprise Software,Pune,UAE,Public,B2B2C,GCP,Medium,2020.0,2020-06-02,2022-03-25,29102.0,167691287.02,5.65,20.22,1.0,17620162.55,1917237.95,17.7,4.85,75.88,22.5,69.88,13.0
999169.0,Vertex Labs 940,SaaS,Chennai,Singapore,Startup,Enterprise,Multi-Cloud,High,1997.0,1997-08-08,2000-10-26,34464.0,216400341.12,19.1,19.6,11.0,16438306.28,1110896.05,100.4,4.49,71.37,65.41,26.35,17.0
309090.0,Bright Works 64,Gaming,Delhi,Germany,Startup,SME,Azure,Medium,1987.0,1987-05-12,2000-07-01,32831.0,160490802.02,7.39,13.05,21.0,4320181.46,803380.52,85.0,3.12,24.3,28.5,47.02,8.0
647869.0,Secure Infotech 208,FinTech,Bengaluru,UAE,Public,B2B,IBM Cloud,High,2017.0,2017-01-22,2020-04-26,4649.0,130606096.19,38.55,27.52,15.0,10650575.54,1741984.07,71.1,4.73,57.9,54.86,67.78,13.0
215476.0,Bright Services 154,SaaS,Delhi,Canada,Private,B2B,IBM Cloud,High,1990.0,1990-09-26,2007-03-16,35096.0,234853525.68,20.81,8.92,2.0,39616871.74,958159.41,26.8,4.95,85.7,58.49,35.3,20.0
261150.0,Quantum Apps 875,Cybersecurity,Bengaluru,USA,Startup,B2B,GCP,Medium,1994.0,1994-07-16,2015-05-24,47114.0,231064955.49,24.77,32.87,20.0,6587242.12,1041131.81,74.4,3.12,45.19,35.23,1.44,5.0
344640.0,Pixel Stack 120,E-commerce,Hyderabad,UK,Public,SME,GCP,High,1989.0,1989-01-02,2019-02-03,35973.0,228565159.84,39.12,31.3,7.0,6748412.7,3203924.29,8.6,2.86,94.89,94.41,5.96,18.0
198073.0,Cyber AI 94,E-commerce,Ahmedabad,Singapore,Public,B2C,GCP,Medium,2007.0,2007-06-04,2023-10-14,41139.0,275689833.05,23.21,11.88,21.0,53543033.15,480901.59,18.7,3.69,47.06,84.98,40.83,15.0
750013.0,Pixel Stack 829,Gaming,Hyderabad,Singapore,Private,B2C,AWS,High,1994.0,1994-09-21,2007-04-08,3864.0,120093703.43,16.14,25.56,12.0,7790278.29,881968.37,40.9,2.64,18.28,74.29,77.56,12.0
530043.0,Cloud Stack 136,EdTech,Hyderabad,Germany,Public,SME,Azure,Medium,1986.0,1986-12-09,2015-12-16,45943.0,258679280.21,33.89,20.11,22.0,35364267.79,3861898.51,56.0,2.19,41.22,16.94,55.46,17.0
529695.0,Pixel Innovations 468,,Bengaluru,USA,Startup,B2C,Multi-Cloud,Medium,1997.0,1997-09-19,2005-10-19,36034.0,205800438.07,19.71,11.88,18.0,6901078.19,3864147.75,18.9,4.84,93.51,19.45,5.67,15.0
907441.0,Bright Systems 573,,Noida,Singapore,Public,SME,IBM Cloud,Medium,2024.0,2024-07-21,2025-07-13,26666.0,145649613.44,14.74,34.6,3.0,423969.98,1749898.26,18.8,4.78,34.73,53.86,15.15,2.0
102501.0,Fusion Platforms 741,AI/ML,Bengaluru,USA,Subsidiary,B2C,Azure,High,1986.0,1986-06-19,2019-04-23,2163.0,194981920.89,30.93,0.98,7.0,85006359.54,760607.33,88.5,2.57,85.73,24.3,61.71,6.0
234712.0,Tech Corp 261,Enterprise Software,Chennai,Singapore,Private,B2B,Azure,High,2004.0,2004-02-17,2010-08-23,43056.0,217200006.31,34.06,8.92,11.0,3099994.36,3290378.37,70.5,3.28,86.96,97.07,67.32,17.0
256508.0,Tech Dynamics 593,FinTech,Gurugram,Singapore,Private,B2B,AWS,High,1985.0,1985-07-08,2013-03-01,13810.0,146111131.93,33.67,18.25,18.0,5782991.45,1876539.92,66.4,4.51,37.57,24.11,49.42,16.0
601768.0,Data Systems 434,EdTech,Gurugram,UK,Private,B2B,IBM Cloud,Low,2021.0,2021-07-12,2023-12-08,21977.0,199435931.78,41.11,18.32,12.0,24838009.59,586404.97,57.0,4.02,12.74,53.38,51.55,17.0
628412.0,Vertex Labs 555,AI/ML,Noida,UK,Subsidiary,Enterprise,AWS,High,1993.0,1993-08-26,2015-08-17,20989.0,151794595.63,33.47,20.65,6.0,3071982.24,1047090.62,117.3,3.24,72.38,42.41,2.27,20.0
120400.0,Cloud Labs 957,Cybersecurity,Ahmedabad,USA,Subsidiary,B2B,IBM Cloud,Medium,2001.0,2001-10-01,2024-07-06,32469.0,207147641.45,32.8,26.33,5.0,1897871.18,962580.73,10.7,4.26,33.97,66.91,66.28,9.0
921932.0,Global Systems 294,FinTech,Chennai,UAE,Startup,Enterprise,AWS,Low,1993.0,1993-03-15,2001-06-06,12638.0,237072619.9,36.3,21.86,1.0,70661930.71,2815377.01,25.8,4.7,77.81,21.48,63.06,5.0
731801.0,Logic Networks 788,Cybersecurity,Mumbai,Singapore,Private,B2C,AWS,Medium,1995.0,1995-04-03,,36192.0,141085521.32,2.01,21.05,12.0,4583207.05,4082282.09,79.5,4.79,46.17,48.3,20.72,23.0
390853.0,Innova Innovations 384,HealthTech,Hyderabad,UK,Subsidiary,SME,IBM Cloud,Medium,1999.0,1999-11-09,2009-06-27,39248.0,176615054.82,16.5,1.97,11.0,38008483.95,3651595.34,20.7,3.2,50.13,34.45,56.69,1.0
172457.0,Prime Stack 891,E-commerce,Kolkata,Germany,Subsidiary,B2B,AWS,High,2008.0,2008-03-06,2012-07-13,44788.0,237061666.5,31.5,13.24,4.0,13482518.56,2640715.78,72.8,2.6,77.35,89.01,17.19,6.0
214951.0,Prime Corp 83,Enterprise Software,Noida,India,Subsidiary,SME,Azure,Medium,2022.0,2022-06-20,2023-08-31,33447.0,162278904.56,25.99,8.2,18.0,3633959.58,2130836.18,70.3,4.75,40.56,13.61,3.23,24.0
384967.0,Secure Solutions 670,Gaming,Hyderabad,UAE,Startup,B2B,Azure,Medium,2019.0,2019-11-08,2024-08-25,16703.0,145821239.67,9.1,9.36,4.0,25968062.03,2936574.51,116.7,2.37,46.21,91.32,16.09,14.0
383065.0,Vertex Works 183,FinTech,Hyderabad,India,Public,SME,Multi-Cloud,Low,2014.0,2014-06-24,2017-07-17,10881.0,164909462.03,14.15,19.45,17.0,28276881.99,2219632.24,106.6,4.19,39.99,84.14,14.29,17.0
936342.0,Secure Corp 542,HealthTech,Ahmedabad,Australia,Public,Enterprise,GCP,High,2015.0,2015-08-22,2021-05-15,5774.0,107168941.48,15.47,7.06,2.0,23261575.08,1409006.4,113.7,2.51,39.16,36.48,27.02,19.0
626280.0,Innova Analytics 855,SaaS,Pune,Canada,Private,Enterprise,Multi-Cloud,Medium,1989.0,1989-08-07,2016-07-02,11133.0,186718425.09,24.71,10.36,24.0,26798827.38,3184709.57,18.1,3.23,53.91,80.25,33.48,1.0
797679.0,Tech Soft 306,Gaming,Hyderabad,Australia,Private,B2B,GCP,High,1998.0,1998-03-21,2017-06-07,45967.0,213036296.78,35.26,8.37,22.0,10526420.93,3980300.18,104.8,3.29,80.22,12.78,40.68,1.0
239137.0,Fusion Services 435,Cloud Services,,India,Public,B2C,IBM Cloud,Low,1995.0,1995-01-08,1997-12-07,19866.0,264589979.76,39.3,33.2,2.0,72114566.06,1928768.36,19.8,2.56,38.64,96.05,38.14,13.0
258206.0,Secure Corp 844,Gaming,Pune,UK,Subsidiary,B2C,Multi-Cloud,Low,1993.0,1993-03-19,2020-07-28,42290.0,250616777.63,32.0,33.07,12.0,24282251.98,3850307.72,77.8,4.78,53.76,56.87,21.65,14.0
427725.0,Blue Analytics 472,AI/ML,Kolkata,UAE,Startup,B2B2C,IBM Cloud,Medium,2018.0,2018-03-05,2026-01-22,6326.0,161749972.32,35.72,21.39,6.0,20500247.62,2167436.39,87.8,2.11,67.38,36.99,2.33,6.0
935818.0,Vertex Solutions 283,EdTech,Mumbai,India,Subsidiary,B2B,GCP,Low,1996.0,1996-09-02,2022-09-03,48453.0,273067030.05,20.8,32.37,10.0,21263914.76,2045477.37,23.5,4.69,30.06,42.27,48.41,6.0
604578.0,Cyber Works 33,FinTech,Kolkata,Singapore,Startup,SME,AWS,High,2019.0,2019-03-02,2021-11-12,38713.0,210050455.58,17.59,27.52,23.0,15953759.05,516129.87,77.8,4.66,30.81,15.91,31.66,1.0
170782.0,Logic Soft 247,Enterprise Software,Kolkata,Australia,Public,B2C,AWS,Medium,2019.0,2019-05-06,2025-10-17,14044.0,163829616.86,17.71,20.69,21.0,30332413.39,3250643.5,11.0,3.02,91.81,98.05,23.89,14.0
147204.0,Cyber Labs 104,Cybersecurity,Kolkata,UK,Private,B2C,GCP,Medium,1985.0,1985-07-20,2015-04-14,23549.0,126713324.6,26.64,0.32,23.0,10442122.39,3710760.35,38.7,4.14,72.29,13.5,69.36,3.0
649102.0,Zen Systems 458,Cloud Services,Pune,Singapore,Private,B2B2C,Multi-Cloud,Low,2024.0,2024-11-01,2026-03-26,23090.0,212471186.43,6.97,27.06,16.0,48251749.92,3120583.37,110.9,2.83,58.68,68.29,59.74,23.0
783154.0,Zen Systems 251,Gaming,Gurugram,UAE,Startup,B2B2C,Azure,Medium,2006.0,2006-12-24,2021-11-04,43370.0,221266932.15,25.18,24.62,14.0,6675981.44,1020579.9,24.7,4.3,65.24,49.4,68.62,10.0
619066.0,Cloud Corp 450,FinTech,Chennai,Australia,Startup,B2B2C,Azure,High,2013.0,2013-05-03,2018-11-10,17009.0,157731662.25,28.61,21.57,7.0,14395333.47,823503.22,12.5,3.73,7.72,94.45,39.6,19.0
592481.0,Blue Services 223,Cybersecurity,Ahmedabad,Australia,Startup,B2B,Azure,Low,1992.0,1992-08-20,2014-02-23,6149.0,149098908.49,19.56,26.64,19.0,15131378.77,2748720.88,56.0,2.97,62.48,31.89,10.47,19.0
728116.0,Cloud Solutions 516,Gaming,Ahmedabad,Australia,Startup,B2B,IBM Cloud,Medium,1995.0,1995-08-06,2005-11-03,42317.0,246078250.5,40.13,18.0,23.0,14549569.15,2046216.64,102.8,3.26,52.38,57.36,55.7,19.0
621935.0,Smart Analytics 836,SaaS,Chennai,Germany,Subsidiary,B2B2C,Azure,Medium,2021.0,2021-07-20,2022-10-20,19626.0,197155188.48,26.33,24.67,17.0,10314817.89,2159300.91,13.8,4.1,55.75,52.93,16.49,23.0
289194.0,Bright Apps 592,Cybersecurity,Bengaluru,USA,Startup,Enterprise,AWS,High,1998.0,1998-10-27,2007-02-27,35996.0,200926259.72,10.8,32.74,9.0,13826547.01,4367981.01,45.9,4.73,38.43,72.56,35.3,4.0
340374.0,Zen Apps 243,E-commerce,Pune,USA,Public,SME,AWS,Low,2014.0,2014-10-22,2020-12-06,6166.0,78498937.06,21.17,13.22,13.0,5175453.22,3368082.95,108.5,2.48,12.58,16.05,5.2,20.0
800233.0,Smart Solutions 677,EdTech,Ahmedabad,India,Subsidiary,B2C,GCP,Medium,2019.0,2019-03-24,2023-11-04,25920.5,203161215.53,29.02,24.81,22.0,16737041.89,2088329.73,18.6,3.76,22.98,27.25,66.02,19.0
226091.0,Pixel Analytics 424,FinTech,Mumbai,Singapore,Public,SME,Azure,High,2005.0,2005-08-20,2019-04-01,26838.0,132919953.39,14.95,16.7,5.0,2924574.93,478307.05,40.7,2.84,93.42,29.1,10.08,10.0
948645.0,Smart Tech 63,Cybersecurity,,UK,Private,B2B2C,Multi-Cloud,Low,2021.0,2021-02-08,2024-02-14,26978.0,176972208.13,5.19,23.64,23.0,3148912.37,539792.36,94.5,4.42,43.01,75.7,72.25,2.0
711320.0,Secure Networks 642,SaaS,Pune,UAE,Public,B2B2C,Multi-Cloud,High,1989.0,1989-07-05,1994-11-14,36386.0,214267921.79,25.34,26.72,5.0,17487512.47,3207695.15,67.5,2.3,48.4,26.83,69.14,4.0
827251.0,Logic Services 508,AI/ML,Ahmedabad,UAE,Private,Enterprise,Azure,High,2003.0,2003-01-07,2015-09-22,9897.0,132786480.1,39.91,1.69,10.0,22031567.81,3834728.91,100.7,4.1,9.9,61.04,37.17,24.0
785516.0,Cloud Digital 965,Enterprise Software,Mumbai,Australia,Private,SME,Multi-Cloud,Very High,1998.0,1998-09-22,2017-10-30,26205.0,191385269.71,21.4,22.67,21.0,6391142.12,3301580.78,17.8,3.51,8.49,29.16,59.55,6.0
988345.0,Prime Infotech 327,SaaS,Bengaluru,Singapore,Private,B2B,GCP,Low,2010.0,2010-03-20,2013-02-27,14185.0,146618533.37,38.24,8.01,10.0,6176124.0,2064139.79,110.9,3.83,71.7,86.68,49.56,7.0
552413.0,Logic Innovations 153,Enterprise Software,Gurugram,Germany,Public,SME,Multi-Cloud,Very High,1988.0,1988-03-16,2017-07-30,17824.0,207634678.01,35.4,23.48,7.0,2397210.25,527656.53,112.5,4.52,55.04,93.85,64.25,16.0
386583.0,Smart Corp 189,SaaS,Noida,Singapore,Startup,B2B,IBM Cloud,Low,2009.0,2009-10-02,2021-12-02,1792.0,102707324.31,7.9,16.44,15.0,12931238.06,4366346.68,22.9,4.29,52.31,56.15,34.54,7.0
994658.0,Secure AI 247,E-commerce,Ahmedabad,UK,Startup,B2B2C,GCP,Low,2009.0,2009-09-25,2012-08-20,18359.0,147778892.3,30.33,27.1,7.0,12852512.1,4443977.85,8.9,4.28,27.61,41.36,62.86,18.0
890072.0,Blue Platforms 879,Cybersecurity,Pune,India,Private,B2B2C,AWS,Medium,2002.0,2002-02-16,2008-11-05,669.0,276497156.46,19.42,4.41,15.0,143928017.56,2652394.66,118.8,3.6,74.26,30.83,37.0,20.0
211585.0,Innova Stack 937,EdTech,Chennai,Canada,Public,B2C,Azure,Medium,2024.0,2024-10-18,2026-02-28,17708.0,101769890.16,12.01,21.96,3.0,7372487.01,689750.96,60.5,4.68,20.65,14.43,75.28,22.0
566652.0,Cloud Services 423,Cybersecurity,,UAE,Private,B2B,IBM Cloud,Medium,1992.0,1992-01-25,2023-06-10,34757.0,161854498.95,29.48,9.82,19.0,2233807.12,2617987.27,70.8,3.81,22.66,33.9,38.91,19.0
520909.0,Logic Services 543,Gaming,,Singapore,Public,B2C,GCP,Medium,2023.0,2023-11-14,2025-06-18,20387.0,213956469.88,31.71,29.87,10.0,22617732.14,4058587.73,75.8,4.76,47.85,68.23,37.01,9.0
526978.0,Innova Corp 249,EdTech,Kolkata,Canada,Public,SME,Azure,Low,2024.0,2024-07-12,2026-03-24,16051.0,155315961.25,9.2,32.5,15.0,2678517.12,3187940.59,95.8,3.68,31.62,57.49,62.81,20.0
599718.0,Next Dynamics 339,SaaS,Pune,Singapore,Startup,B2C,AWS,High,1998.0,1998-01-23,2022-10-07,1018.0,198582610.38,38.58,34.87,3.0,50970373.49,3351955.85,98.4,3.57,28.01,94.02,65.73,10.0
707003.0,Data Stack 868,Gaming,Ahmedabad,Australia,Startup,SME,AWS,High,2016.0,2016-07-08,2025-12-31,47664.0,292465759.61,32.05,27.88,6.0,30275546.25,748376.33,27.3,2.74,65.01,45.27,44.36,13.0
914247.0,Vertex Labs 549,,Hyderabad,UAE,Subsidiary,B2C,Multi-Cloud,Very High,2022.0,2022-08-26,2025-02-19,25942.0,223488846.09,39.34,26.41,12.0,2440695.21,836697.71,32.2,3.68,65.54,71.75,14.38,18.0
199496.0,Cyber Systems 275,HealthTech,Mumbai,UK,Public,B2B2C,AWS,High,2017.0,2017-06-19,2025-10-24,25669.0,178510159.2,14.68,7.62,15.0,5036862.92,922129.98,105.8,2.51,81.68,53.55,37.42,16.0
796053.0,Prime Systems 895,FinTech,Pune,Germany,Startup,Enterprise,AWS,Medium,2007.0,2007-10-04,2017-07-17,331.0,153719758.88,39.57,11.83,6.0,31604302.92,4107945.02,99.2,4.62,43.85,55.62,77.45,22.0
918507.0,Data Dynamics 824,EdTech,Hyderabad,UK,Private,B2B,Multi-Cloud,Medium,1999.0,1999-03-09,2021-05-27,27470.0,166061257.38,16.74,16.35,13.0,2618717.72,2555983.51,76.0,4.06,11.8,33.83,60.24,17.0
201267.0,Bright Services 223,E-commerce,Hyderabad,UK,Public,B2B,Azure,High,2017.0,2017-04-28,2018-12-10,15410.0,110654125.38,4.16,27.09,19.0,8812347.77,3645457.9,119.4,4.98,30.45,50.49,64.89,22.0
863650.0,Global Dynamics 891,Gaming,Pune,Australia,Private,B2B,Multi-Cloud,Medium,2009.0,2009-05-20,2022-03-13,39080.0,230905818.69,32.52,32.03,3.0,4370750.02,872694.17,89.5,2.37,96.14,51.9,2.63,13.0
931571.0,Alpha Platforms 980,,Pune,USA,Startup,Enterprise,Azure,High,2001.0,2001-07-09,2010-06-24,1108.0,137252903.98,30.14,6.7,8.0,39850021.93,4203335.09,29.8,2.8,60.45,72.89,37.43,12.0
469781.0,Tech Dynamics 960,FinTech,Pune,Germany,Public,B2B,IBM Cloud,Low,2017.0,2017-01-23,2018-01-30,20727.0,222351500.43,25.92,32.29,8.0,25041677.47,3766682.58,102.4,4.64,71.01,93.72,51.73,10.0
794196.0,Cyber Works 765,HealthTech,Hyderabad,UK,Public,B2B2C,Azure,Medium,1986.0,1986-10-17,1995-04-15,10774.0,160106133.78,21.6,24.38,23.0,31771612.91,1321532.99,52.7,3.51,5.68,39.31,66.4,1.0
833370.0,Global Analytics 713,HealthTech,Delhi,Singapore,Private,B2B,IBM Cloud,High,1998.0,1998-09-01,2015-10-28,28454.0,231753263.53,3.29,21.42,20.0,62958561.73,3984147.16,9.2,3.45,53.19,13.76,3.94,8.0
491855.0,Zen Dynamics 407,HealthTech,Pune,UK,Public,SME,GCP,Very High,2024.0,2024-11-07,2025-12-19,37996.0,218962472.42,26.98,7.07,15.0,14505449.66,1480115.31,42.0,4.6,8.49,54.17,68.2,21.0
543316.0,Blue Services 330,E-commerce,Ahmedabad,Canada,Private,B2B,Azure,High,2024.0,2024-06-14,2025-07-05,39798.0,194232854.9,18.67,2.04,4.0,25375869.67,1241893.51,92.8,3.61,57.94,58.46,43.87,22.0
696463.0,Smart Corp 478,Gaming,Bengaluru,Germany,Private,SME,AWS,Medium,2023.0,2023-02-05,2025-03-12,29906.0,211139237.22,24.41,19.94,19.0,12890488.23,1483400.14,115.4,2.66,90.63,24.99,15.79,18.0
772325.0,Secure Digital 316,Cloud Services,Pune,Australia,Subsidiary,B2C,Multi-Cloud,Low,1990.0,1990-11-19,2002-05-18,9250.0,170151528.9,19.17,22.84,21.0,15931716.62,4130815.76,36.8,4.69,95.06,77.68,25.38,2.0
962621.0,Next Digital 526,FinTech,Hyderabad,Canada,Public,B2C,AWS,Low,1990.0,1990-05-28,2015-01-18,34047.0,196012987.42,40.64,7.46,3.0,4067135.02,4153927.14,33.3,2.19,55.27,97.66,22.55,16.0
650836.0,Global Stack 101,SaaS,Hyderabad,UK,Private,B2C,AWS,High,1987.0,1987-07-19,2006-05-27,25661.0,202597022.18,26.16,19.52,13.0,18764598.69,1748882.68,69.8,4.7,47.61,94.17,42.47,12.0
947686.0,Global Apps 937,Cybersecurity,Pune,UAE,Private,B2B,AWS,Medium,1991.0,1991-10-09,2022-07-13,41285.0,378792456.5,31.97,29.99,8.0,105468930.9,3292280.16,98.3,3.51,92.89,27.54,4.13,9.0
143754.0,Cyber Digital 321,FinTech,Mumbai,Australia,Public,Enterprise,Azure,Low,1992.0,1992-07-25,2002-02-20,35107.0,271095247.06,39.45,29.24,23.0,7289410.55,3170555.55,90.9,4.03,67.65,87.91,12.68,3.0
190474.0,Logic Systems 577,HealthTech,Gurugram,Australia,Private,SME,IBM Cloud,High,1999.0,1999-07-18,,1289.0,175292001.85,25.66,32.46,16.0,18414762.93,3706906.79,69.4,2.31,11.04,72.7,65.02,22.0
279090.0,Blue Solutions 17,FinTech,Gurugram,India,Subsidiary,Enterprise,IBM Cloud,High,2013.0,2013-08-06,2022-04-21,38188.0,177014478.47,2.48,12.87,13.0,8557451.31,1615688.95,77.6,4.15,48.31,50.39,10.61,21.0
228613.0,Next Services 958,Gaming,Mumbai,Canada,Private,B2C,GCP,High,2017.0,2017-09-18,2023-06-05,48988.0,196731384.44,3.37,11.2,3.0,11650023.57,2491568.02,32.8,2.2,27.34,58.11,18.67,4.0
307261.0,Bright Innovations 303,Cloud Services,Hyderabad,India,Startup,B2C,IBM Cloud,Medium,2014.0,2014-05-10,2022-09-21,175.0,150130627.24,30.09,26.25,16.0,27677576.57,3137463.2,54.7,4.54,48.69,85.61,36.27,2.0
611834.0,Innova Dynamics 338,Gaming,Pune,Singapore,Startup,Enterprise,IBM Cloud,Medium,2023.0,2023-12-13,2026-01-23,45322.0,218978637.16,13.16,15.15,9.0,22910974.58,507652.96,34.4,3.45,47.36,52.73,41.37,8.0
164461.0,Blue Corp 584,E-commerce,Kolkata,USA,Public,B2C,IBM Cloud,High,2011.0,2011-03-28,2014-09-02,23907.0,170190698.44,25.18,3.16,14.0,11913440.13,1944628.86,106.7,2.37,59.14,43.22,61.09,10.0
330127.0,Blue AI 564,FinTech,Pune,Singapore,Public,B2B,GCP,Medium,2020.0,2020-12-08,2023-07-04,15448.0,145802230.75,10.09,9.97,13.0,17848446.29,3253142.27,17.9,4.15,38.18,53.9,35.79,16.0
546280.0,Alpha Tech 782,Enterprise Software,Bengaluru,Canada,Subsidiary,B2B2C,Azure,Low,2013.0,2013-12-06,2016-04-01,6688.0,110259576.27,12.81,14.71,21.0,4648046.75,1435639.88,83.2,3.52,20.28,61.54,63.19,23.0
613530.0,Global AI 472,AI/ML,Chennai,Germany,Startup,B2B,Azure,Medium,2022.0,2022-04-17,2025-03-31,6620.0,157536115.89,22.19,10.31,7.0,37728878.42,4326586.84,34.9,2.65,51.85,26.83,49.47,11.0
267284.0,Quantum Digital 174,HealthTech,Mumbai,UK,Startup,SME,AWS,Medium,2017.0,2017-06-26,2024-03-05,3299.0,157350297.4,41.02,11.69,15.0,7527889.53,523661.62,59.7,2.15,82.21,90.18,9.05,18.0
444251.0,Innova Services 501,HealthTech,Delhi,Germany,Private,B2C,GCP,Medium,2021.0,2021-10-23,2025-11-02,9160.0,154354093.85,26.65,10.35,7.0,12126746.33,4328157.47,39.4,3.31,66.75,70.0,12.51,22.0
173440.0,Quantum Services 658,SaaS,Bengaluru,Germany,Private,B2C,Multi-Cloud,Low,2011.0,2011-12-02,2015-08-09,40413.0,212338312.61,39.45,1.55,6.0,17803886.78,1288731.86,42.2,2.35,36.47,66.36,34.96,14.0
171818.0,Cloud Infotech 35,Gaming,Gurugram,Australia,Private,B2C,AWS,High,2017.0,2017-07-21,2018-01-22,13655.0,160518773.23,40.38,22.33,2.0,9961629.35,600170.37,34.9,2.37,92.0,18.86,31.75,8.0
561698.0,Data Systems 783,Gaming,Ahmedabad,Canada,Startup,B2C,IBM Cloud,Low,1988.0,1988-02-27,1996-07-09,12165.0,193296858.31,10.32,20.95,9.0,42162800.27,1599143.54,91.6,2.88,89.84,63.77,59.48,23.0
485182.0,Tech Innovations 141,Cybersecurity,Ahmedabad,UAE,Private,B2C,AWS,Medium,2006.0,2006-08-20,2016-10-06,39112.0,145837441.02,14.45,22.9,22.0,6366533.28,3623757.46,47.1,3.93,24.47,20.77,46.46,15.0
652919.0,Blue Labs 725,FinTech,Mumbai,Singapore,Subsidiary,SME,GCP,Very High,1986.0,1986-02-03,2001-10-20,22961.0,229938539.07,32.8,6.81,24.0,63643548.21,3485012.23,88.5,3.64,8.67,17.0,31.05,17.0
662200.0,Innova Soft 224,HealthTech,Chennai,USA,Private,SME,Azure,Medium,1994.0,1994-04-12,1998-08-04,38575.0,163112330.02,36.67,10.42,17.0,10087260.33,1256245.71,57.4,2.3,73.94,56.93,13.66,21.0
187473.0,Pixel Stack 383,Cybersecurity,Kolkata,UK,Subsidiary,B2C,AWS,Very High,1989.0,1989-10-02,2022-07-02,32606.0,160288178.92,22.77,21.72,5.0,2677068.3,1206839.55,67.9,4.91,81.97,45.85,18.15,18.0
670947.0,Cloud AI 676,Gaming,Gurugram,Canada,Public,B2B,Multi-Cloud,Medium,1994.0,1994-07-13,2022-07-17,12645.0,199699255.3,41.73,21.03,12.0,16091387.05,3034577.65,67.5,4.67,95.01,62.4,46.04,6.0
396370.0,Global Soft 7,E-commerce,Ahmedabad,Australia,Startup,B2C,GCP,High,2017.0,2017-11-17,2021-03-19,2019.0,89251669.51,2.46,17.77,1.0,5661662.61,2278139.03,117.2,2.85,87.75,17.94,33.88,23.0
837188.0,Secure Services 422,FinTech,Ahmedabad,UAE,Startup,B2B2C,GCP,Low,2022.0,2022-12-20,2023-04-28,43803.0,175617396.41,13.98,12.33,10.0,5923014.48,3648388.81,47.2,2.45,60.85,48.36,41.19,14.0
707947.0,Tech Soft 543,AI/ML,Pune,Canada,Startup,Enterprise,Azure,Medium,1997.0,1997-03-21,2020-03-05,17325.0,171085582.41,26.93,31.96,11.0,16915405.66,498944.39,28.9,4.83,54.29,25.56,13.65,23.0
740185.0,Next Services 294,EdTech,Kolkata,Canada,Public,Enterprise,GCP,High,2015.0,2015-08-01,2018-04-06,4520.0,150697750.75,20.77,11.96,16.0,20627556.28,2902688.63,109.9,3.44,7.59,97.85,53.03,3.0
419082.0,Tech Infotech 833,Cybersecurity,Noida,Singapore,Startup,Enterprise,Multi-Cloud,Very High,2020.0,2020-11-26,2023-11-28,10275.0,95520619.09,6.66,16.0,14.0,2491967.34,3395755.25,25.1,3.0,27.94,59.94,68.2,7.0
553494.0,Logic Networks 110,SaaS,Chennai,USA,Startup,B2C,AWS,Low,2008.0,2008-05-07,2009-10-03,25920.5,213112713.01,16.71,23.77,8.0,9942647.84,4472883.06,101.0,3.52,47.74,71.18,20.64,15.0
647643.0,Neo Infotech 153,Cybersecurity,Delhi,Germany,Public,B2B2C,IBM Cloud,Low,1999.0,1999-10-17,2023-02-20,42024.0,198884246.04,3.02,19.05,24.0,5767089.01,3183004.95,22.3,4.34,63.45,38.96,39.32,21.0
801495.0,Blue Dynamics 635,SaaS,Noida,USA,Public,B2B,GCP,Medium,2013.0,2013-12-08,2017-10-20,42809.0,214877150.27,27.71,12.21,17.0,8750807.0,1350565.14,80.8,2.59,56.82,18.43,78.04,24.0
981226.0,Pixel Tech 835,SaaS,Bengaluru,Canada,Public,B2C,GCP,Medium,1992.0,1992-11-02,2009-02-19,23246.0,224191980.43,37.71,15.3,18.0,5402373.58,843563.4,22.3,4.33,74.07,96.85,26.66,16.0
991603.0,Vertex Tech 815,SaaS,Gurugram,USA,Subsidiary,B2B2C,AWS,Medium,1989.0,1989-04-21,1990-01-05,40337.0,230525475.17,37.39,27.83,12.0,8708259.32,3027758.78,111.2,4.27,31.02,35.48,47.6,16.0
914491.0,Prime Labs 383,EdTech,Kolkata,Germany,Private,Enterprise,IBM Cloud,Medium,2013.0,2013-03-03,2020-03-10,13719.0,197795134.22,29.98,9.81,17.0,59873951.37,2545050.58,70.0,3.66,57.54,47.72,7.22,8.0
363304.0,Prime Stack 579,E-commerce,Pune,Germany,Public,B2B,Multi-Cloud,Medium,1988.0,1988-07-12,2020-01-15,37430.0,163946889.17,20.63,5.06,14.0,3021725.16,4086495.68,42.9,4.61,13.2,67.84,48.48,7.0
209029.0,Blue Analytics 308,HealthTech,Chennai,Singapore,Private,B2B2C,Azure,Medium,1996.0,1996-07-13,2023-04-17,45191.0,222273540.84,22.48,11.03,16.0,25647957.3,3379092.89,21.1,2.48,43.47,12.2,7.17,6.0
535202.0,Data Systems 96,SaaS,Pune,UAE,Public,Enterprise,GCP,Medium,1986.0,1986-04-17,1990-09-09,48370.0,221765699.76,7.48,29.75,14.0,8334693.68,2489944.05,47.7,3.83,74.76,82.11,76.74,2.0
705203.0,Prime Corp 387,Cybersecurity,Pune,Australia,Public,SME,IBM Cloud,Low,2011.0,2011-12-23,,47464.0,271295818.43,15.64,3.21,9.0,65257070.27,2054716.83,86.1,3.4,69.49,57.76,57.25,22.0
905148.0,Secure AI 58,SaaS,Chennai,India,Startup,B2C,Azure,Medium,2015.0,2015-02-18,,38056.0,302073427.86,9.51,34.71,4.0,82028829.58,2057936.27,49.3,3.32,97.13,34.76,63.05,13.0
422787.0,Tech Networks 85,AI/ML,Ahmedabad,USA,Private,B2B2C,GCP,Low,2020.0,2020-12-27,2024-02-20,15627.0,185006193.28,34.85,18.98,23.0,17766859.04,1327847.57,33.3,2.83,30.84,15.48,56.33,12.0
748396.0,Global Innovations 661,Cloud Services,Mumbai,Germany,Startup,B2B2C,Multi-Cloud,Medium,2020.0,2020-10-12,2022-12-13,22523.0,219926543.85,38.59,34.47,11.0,23515430.78,471036.48,71.4,3.18,51.33,24.46,47.18,15.0
157988.0,Alpha Works 917,Gaming,Delhi,Singapore,Public,Enterprise,Azure,Medium,2010.0,2010-05-08,2024-08-07,28675.0,209246035.87,23.48,32.87,6.0,17287541.44,2757133.41,53.0,2.41,35.65,89.66,35.99,9.0
828586.0,Pixel Systems 236,E-commerce,Mumbai,USA,Private,SME,Azure,High,2011.0,2011-04-15,,25920.5,200534145.92,31.11,15.9,15.0,21411315.61,1270900.4,24.1,2.83,45.98,71.06,68.67,2.0
226535.0,Cyber AI 278,Cloud Services,Pune,UAE,Public,SME,Azure,High,1989.0,1989-10-01,2001-09-17,24139.0,207885417.07,6.86,7.03,5.0,60960643.9,1254140.36,22.7,2.89,84.7,32.24,76.55,17.0
569432.0,Cloud Labs 701,E-commerce,Noida,Canada,Startup,SME,Azure,Very High,2004.0,2004-03-14,2016-05-10,36537.0,190590527.71,26.34,5.85,11.0,9458048.61,914063.04,86.4,4.19,68.63,15.84,39.92,5.0
240671.0,Next Services 578,SaaS,Ahmedabad,Canada,Startup,SME,Azure,Medium,1995.0,1995-02-18,1999-03-31,352.0,108304998.01,30.11,8.48,18.0,7063783.02,1177341.51,117.1,2.24,87.07,71.46,74.52,11.0
836180.0,Cloud Networks 952,Enterprise Software,Ahmedabad,Canada,Subsidiary,Enterprise,GCP,Medium,1994.0,1994-09-10,2010-04-02,31513.0,221981352.65,20.11,24.88,13.0,45609312.33,530335.51,31.8,3.99,23.93,60.94,46.67,22.0
839666.0,Alpha Soft 985,FinTech,Hyderabad,Canada,Private,B2C,Azure,Medium,2024.0,2024-02-26,2025-09-20,44962.0,215973687.56,11.73,9.63,11.0,5672013.4,3164348.94,93.9,2.74,86.22,46.0,43.07,19.0
294110.0,Cyber Solutions 771,SaaS,Pune,UAE,Subsidiary,B2C,Multi-Cloud,Medium,2022.0,2022-05-18,2026-03-23,29309.0,167232973.44,37.09,12.02,14.0,7663783.63,2045728.18,15.1,2.34,10.56,42.36,36.36,24.0
211440.0,Prime Labs 307,Cybersecurity,Bengaluru,Singapore,Startup,Enterprise,IBM Cloud,Very High,1990.0,1990-05-23,2010-11-11,42873.0,235578685.49,31.72,15.76,18.0,29004690.63,2702250.85,48.9,2.97,87.64,29.3,16.74,7.0
449613.0,Quantum Analytics 581,Cybersecurity,Bengaluru,USA,Startup,B2B,IBM Cloud,High,1992.0,1992-07-19,2014-09-11,37258.0,291422570.72,37.99,31.97,19.0,38467139.12,3011526.23,63.3,2.75,35.6,69.6,0.3,2.0
402581.0,Prime Services 340,E-commerce,Bengaluru,Australia,Private,B2B,Azure,Medium,2007.0,2007-04-25,2015-08-14,30709.0,212722104.49,34.74,6.71,24.0,14297966.51,4387186.71,35.9,3.7,34.26,96.39,19.32,16.0
854003.0,Prime Solutions 810,EdTech,Gurugram,India,Public,SME,Azure,Very High,2010.0,2010-08-22,2021-05-02,35890.0,173646654.08,41.61,0.28,15.0,16503494.81,679890.05,65.9,3.14,52.62,25.64,40.78,12.0
690171.0,Data Infotech 764,E-commerce,Mumbai,Singapore,Public,B2B,IBM Cloud,High,1996.0,1996-10-28,1998-03-25,31940.0,165091220.65,9.69,2.2,9.0,8259876.84,2113462.51,106.5,4.9,92.48,63.14,30.4,23.0
696993.0,Vertex Systems 101,,Pune,Australia,Public,B2B,GCP,Medium,2010.0,2010-08-04,2016-10-13,13648.0,151826573.02,5.47,31.68,8.0,17567730.17,1408181.53,113.6,4.89,9.44,47.75,35.88,15.0
919493.0,Logic Analytics 859,SaaS,Hyderabad,USA,Subsidiary,B2B2C,IBM Cloud,Medium,1997.0,1997-02-13,2007-11-20,47105.0,243507048.58,15.48,22.7,20.0,17465631.26,2354518.92,16.6,3.39,37.76,49.76,78.45,1.0
965724.0,Data Apps 620,HealthTech,Bengaluru,Germany,Private,B2B,AWS,High,2024.0,2024-11-23,2025-04-28,46783.0,294692032.22,7.16,9.63,1.0,79599379.58,4173936.43,36.3,4.41,84.66,32.62,28.02,13.0
727294.0,Zen Corp 993,HealthTech,Noida,UK,Private,B2B,GCP,High,2002.0,2002-06-14,2018-11-03,19558.0,132551776.93,22.93,6.28,4.0,21170299.05,3368335.49,117.6,2.14,41.83,83.44,36.17,23.0
639702.0,Alpha Soft 650,FinTech,Ahmedabad,USA,Subsidiary,Enterprise,IBM Cloud,High,2009.0,2009-09-18,2010-03-21,42337.0,200773869.05,27.32,10.37,14.0,5386907.46,3113993.3,36.1,3.69,23.52,53.19,10.68,6.0
160434.0,Next Stack 503,HealthTech,Chennai,UK,Public,B2B2C,GCP,Medium,2017.0,2017-12-27,2020-12-14,13430.0,129027891.41,25.13,4.11,2.0,22310631.56,2209108.09,84.7,4.26,44.51,58.36,3.84,13.0
312059.0,Blue Digital 567,FinTech,Hyderabad,India,Public,B2B2C,Multi-Cloud,Medium,2024.0,2024-04-10,2025-02-17,27034.0,234294618.04,12.37,32.96,16.0,52003394.03,3151561.24,34.1,2.73,40.86,37.12,62.03,18.0
566316.0,Prime Innovations 191,AI/ML,Pune,Singapore,Public,SME,Azure,Low,1996.0,1996-07-22,2012-05-05,44683.0,256674049.76,38.35,27.47,3.0,5732101.23,532739.05,46.0,2.28,90.13,26.18,45.65,3.0
473063.0,Bright Corp 88,SaaS,Noida,UAE,Public,Enterprise,Azure,Very High,2020.0,2020-02-18,2026-03-23,8175.0,144033908.47,2.85,16.24,8.0,22756243.46,2803578.56,27.0,3.51,75.86,17.65,60.86,1.0
176474.0,Zen Platforms 818,HealthTech,Bengaluru,India,Public,B2B2C,Azure,Medium,1988.0,1988-03-16,2004-01-30,36109.0,250654020.47,15.92,30.29,6.0,18339648.31,2670483.91,103.5,3.38,51.98,73.56,11.99,15.0
215847.0,Blue Labs 85,Cybersecurity,Mumbai,UK,Public,B2B2C,Multi-Cloud,Medium,1989.0,1989-06-07,2015-09-26,4083.0,166579544.67,30.76,8.81,16.0,22377791.52,1821225.77,106.5,3.57,96.92,27.46,45.75,13.0
216607.0,Next Solutions 390,Cloud Services,Kolkata,India,Startup,SME,IBM Cloud,Medium,2021.0,2021-05-06,2026-03-09,37923.0,230080142.17,32.68,25.13,24.0,3891474.35,1226207.91,39.1,3.2,48.27,71.42,20.29,5.0
647311.0,Innova Corp 325,Enterprise Software,Bengaluru,UAE,Private,B2B,AWS,High,1992.0,1992-11-07,2015-05-21,17137.0,164684141.33,18.64,29.98,16.0,11621396.78,3710977.76,99.7,3.38,10.42,44.74,18.24,13.0
542547.0,Vertex Works 94,Enterprise Software,Gurugram,UAE,Public,B2C,,High,2012.0,2012-12-07,2018-04-08,40951.0,183688061.03,2.68,12.55,7.0,12158538.97,620834.67,46.2,3.46,29.39,47.0,0.92,22.0
621949.0,Tech Platforms 456,Cloud Services,Kolkata,Canada,Subsidiary,B2C,Multi-Cloud,Medium,2015.0,2015-12-08,2025-10-14,49776.0,260130608.54,26.72,26.54,13.0,17192095.81,685658.74,16.4,4.33,45.55,51.76,10.43,5.0
798956.0,Vertex Tech 105,E-commerce,Ahmedabad,India,Private,B2B,IBM Cloud,Very High,1993.0,1993-05-07,2004-04-13,5754.0,124707613.86,4.52,10.4,13.0,38489054.74,2206139.15,92.2,2.41,19.59,42.73,24.74,19.0
725149.0,Innova Labs 192,AI/ML,Kolkata,UAE,Public,Enterprise,Azure,Low,2013.0,2013-04-27,2019-08-08,7898.0,150849124.28,6.31,10.53,5.0,37565395.68,1435473.64,73.6,4.33,93.12,18.96,9.35,21.0
